NPRODUCTO,CONCURSO,F1,F2,F3,F4,F5,F6,F7,BOLSA,FECHA
30.0,1539,11,16,17,26,28,35,3.0,58900000.0,17/06/2025
30.0,1538,7,11,13,16,26,33,29.0,54300000.0,14/06/2025
30.0,1537,4,11,13,33,35,38,24.0,50700000.0,10/06/2025
30.0,1536,4,12,13,15,29,37,5.0,46500000.0,07/06/2025
30.0,1535,7,10,16,26,30,35,20.0,42300000.0,03/06/2025
30.0,1534,3,4,5,22,25,27,29.0,38300000.0,31/05/2025
30.0,1533,9,19,20,22,24,31,26.0,34700000.0,27/05/2025
30.0,1532,1,11,12,19,37,38,4.0,31300000.0,24/05/2025
30.0,1531,4,14,16,24,28,34,32.0,28000000.0,20/05/2025
30.0,1530,3,13,14,17,27,29,39.0,24700000.0,17/05/2025
30.0,1529,2,11,15,24,27,29,38.0,21900000.0,13/05/2025
30.0,1528,13,14,20,21,27,36,28.0,19000000.0,10/05/2025
30.0,1527,6,13,16,27,34,35,11.0,16700000.0,06/05/2025
30.0,1526,9,10,30,33,36,39,16.0,14000000.0,03/05/2025
30.0,1525,2,8,16,32,33,37,35.0,12000000.0,29/04/2025
30.0,1524,4,24,27,28,30,33,1.0,9900000.0,26/04/2025
30.0,1523,1,6,9,12,21,31,14.0,8000000.0,22/04/2025
30.0,1522,3,8,13,20,23,24,22.0,6600000.0,19/04/2025
30.0,1521,3,4,18,22,29,38,31.0,5200000.0,15/04/2025
30.0,1520,14,22,28,29,31,33,30.0,5100000.0,12/04/2025
30.0,1519,5,7,8,13,32,38,10.0,5000000.0,08/04/2025
30.0,1518,3,9,12,19,20,37,16.0,6300000.0,05/04/2025
30.0,1517,11,12,21,24,29,33,2.0,5200000.0,01/04/2025
30.0,1516,18,20,23,25,27,32,10.0,5100000.0,29/03/2025
30.0,1515,12,13,14,23,28,38,34.0,5000000.0,25/03/2025
30.0,1514,1,3,24,25,29,35,9.0,9900000.0,22/03/2025
30.0,1513,6,20,21,23,34,37,15.0,8000000.0,18/03/2025
30.0,1512,5,8,10,19,25,35,31.0,6400000.0,15/03/2025
30.0,1511,5,7,21,31,36,38,32.0,5200000.0,11/03/2025
30.0,1510,7,13,22,30,32,39,6.0,5100000.0,08/03/2025
30.0,1509,5,10,20,30,32,39,36.0,5000000.0,04/03/2025
30.0,1508,2,8,20,30,33,38,23.0,5000000.0,01/03/2025
30.0,1507,8,23,25,28,34,35,26.0,12000000.0,25/02/2025
30.0,1506,9,12,18,25,26,35,39.0,10000000.0,22/02/2025
30.0,1505,6,9,10,29,31,36,18.0,8000000.0,18/02/2025
30.0,1504,15,19,23,24,25,26,35.0,6300000.0,15/02/2025
30.0,1503,9,12,15,18,20,36,38.0,5200000.0,11/02/2025
30.0,1502,1,7,17,22,30,34,33.0,5100000.0,08/02/2025
30.0,1501,11,12,13,28,29,30,1.0,5000000.0,04/02/2025
30.0,1500,6,10,24,27,32,36,19.0,5000000.0,01/02/2025
30.0,1499,3,4,18,24,28,34,39.0,8300000.0,28/01/2025
30.0,1498,12,13,23,24,26,27,29.0,6300000.0,25/01/2025
30.0,1497,3,6,12,19,38,39,14.0,5200000.0,21/01/2025
30.0,1496,3,15,23,28,32,37,21.0,5100000.0,18/01/2025
30.0,1495,5,19,20,26,31,33,38.0,5000000.0,14/01/2025
30.0,1494,8,10,12,13,17,27,24.0,5100000.0,11/01/2025
30.0,1493,1,11,13,20,30,39,36.0,5000000.0,07/01/2025
30.0,1492,2,7,17,21,24,34,28.0,5100000.0,04/01/2025
30.0,1491,6,9,14,23,27,31,37.0,5000000.0,31/12/2024
30.0,1490,13,15,24,30,36,37,16.0,12300000.0,28/12/2024
30.0,1489,7,19,22,24,25,35,29.0,0.0,24/12/2024
30.0,1488,3,8,10,18,22,24,11.0,8000000.0,21/12/2024
30.0,1487,2,3,5,6,7,19,15.0,6500000.0,17/12/2024
30.0,1486,5,16,17,29,36,39,1.0,5200000.0,14/12/2024
30.0,1485,10,12,16,25,28,31,19.0,5100000.0,10/12/2024
30.0,1484,5,8,12,21,24,33,9.0,5000000.0,07/12/2024
30.0,1483,8,13,14,25,36,39,22.0,5100000.0,03/12/2024
30.0,1482,3,7,21,25,27,29,38.0,5000000.0,30/11/2024
30.0,1481,9,10,11,13,31,33,7.0,5300000.0,26/11/2024
30.0,1480,1,3,12,13,22,33,20.0,5200000.0,23/11/2024
30.0,1479,2,4,5,22,29,32,35.0,5100000.0,19/11/2024
30.0,1478,8,11,15,16,22,37,1.0,5000000.0,16/11/2024
30.0,1477,8,16,25,30,34,36,17.0,5000000.0,12/11/2024
30.0,1476,4,14,20,21,23,28,22.0,15500000.0,09/11/2024
30.0,1475,1,2,5,17,18,31,34.0,13000000.0,05/11/2024
30.0,1474,1,19,20,24,32,39,18.0,10900000.0,02/11/2024
30.0,1473,13,15,22,27,36,39,19.0,9000000.0,29/10/2024
30.0,1472,7,8,10,14,15,25,26.0,7500000.0,26/10/2024
30.0,1471,19,20,22,35,36,37,28.0,6000000.0,22/10/2024
30.0,1470,6,12,15,19,27,32,2.0,5200000.0,19/10/2024
30.0,1469,3,4,11,15,17,19,23.0,5100000.0,15/10/2024
30.0,1468,16,20,22,27,33,37,1.0,5000000.0,12/10/2024
30.0,1467,5,6,15,16,24,35,39.0,6300000.0,08/10/2024
30.0,1466,10,13,24,29,35,36,26.0,5200000.0,05/10/2024
30.0,1465,15,24,29,32,36,37,35.0,5100000.0,01/10/2024
30.0,1464,10,13,15,22,23,24,9.0,5000000.0,28/09/2024
30.0,1463,5,25,27,28,33,38,1.0,27700000.0,24/09/2024
30.0,1462,2,7,16,21,32,35,6.0,24900000.0,21/09/2024
30.0,1461,8,11,12,13,26,39,6.0,22500000.0,17/09/2024
30.0,1460,1,8,13,14,15,26,2.0,20000000.0,14/09/2024
30.0,1459,4,14,17,25,26,37,30.0,17500000.0,10/09/2024
30.0,1458,13,19,20,27,33,36,14.0,15300000.0,07/09/2024
30.0,1457,4,6,7,8,20,38,5.0,13000000.0,03/09/2024
30.0,1456,7,16,17,24,32,39,12.0,11000000.0,31/08/2024
30.0,1455,7,11,19,21,29,30,28.0,9300000.0,27/08/2024
30.0,1454,17,22,30,31,33,39,32.0,7500000.0,24/08/2024
30.0,1453,7,16,17,27,38,39,31.0,5900000.0,20/08/2024
30.0,1452,4,12,13,14,22,38,39.0,5200000.0,17/08/2024
30.0,1451,12,17,27,29,37,39,2.0,5100000.0,13/08/2024
30.0,1450,3,6,10,17,26,38,39.0,5000000.0,10/08/2024
30.0,1449,12,19,25,34,36,38,21.0,5100000.0,06/08/2024
30.0,1448,3,11,14,27,28,31,1.0,5000000.0,03/08/2024
30.0,1447,13,20,22,24,25,33,4.0,5700000.0,30/07/2024
30.0,1446,1,2,4,15,16,34,26.0,5200000.0,27/07/2024
30.0,1445,2,21,24,26,28,30,8.0,5100000.0,23/07/2024
30.0,1444,2,8,11,16,30,33,27.0,5000000.0,20/07/2024
30.0,1443,2,14,21,22,24,26,31.0,17000000.0,16/07/2024
30.0,1442,1,15,18,20,26,27,17.0,14900000.0,13/07/2024
30.0,1441,9,11,17,24,26,35,2.0,13000000.0,09/07/2024
30.0,1440,17,20,25,28,29,32,26.0,10900000.0,06/07/2024
30.0,1439,2,6,27,28,30,35,10.0,9000000.0,02/07/2024
30.0,1438,5,7,10,20,30,34,26.0,7300000.0,29/06/2024
30.0,1437,11,14,23,26,30,39,31.0,5700000.0,25/06/2024
30.0,1436,15,24,30,32,34,36,1.0,5200000.0,22/06/2024
30.0,1435,2,11,23,25,33,37,29.0,5100000.0,18/06/2024
30.0,1434,5,10,14,21,32,38,34.0,5000000.0,15/06/2024
30.0,1433,3,7,16,28,32,34,29.0,5700000.0,11/06/2024
30.0,1432,2,18,19,20,21,29,25.0,5200000.0,08/06/2024
30.0,1431,4,11,17,26,27,37,12.0,5100000.0,04/06/2024
30.0,1430,3,5,9,11,14,33,25.0,5000000.0,01/06/2024
30.0,1429,4,8,9,10,19,20,6.0,5200000.0,28/05/2024
30.0,1428,15,18,27,28,31,38,37.0,5100000.0,25/05/2024
30.0,1427,6,14,16,21,23,37,3.0,5000000.0,21/05/2024
30.0,1426,5,7,8,23,32,37,31.0,11300000.0,18/05/2024
30.0,1425,3,9,10,11,33,36,28.0,9500000.0,14/05/2024
30.0,1424,1,11,13,16,31,39,22.0,7900000.0,11/05/2024
30.0,1423,2,6,19,24,37,39,38.0,6000000.0,07/05/2024
30.0,1422,4,17,26,29,34,39,36.0,5200000.0,04/05/2024
30.0,1421,5,6,26,28,36,38,10.0,5100000.0,30/04/2024
30.0,1420,4,6,9,11,23,39,32.0,5000000.0,27/04/2024
30.0,1419,5,10,16,17,20,39,32.0,5200000.0,23/04/2024
30.0,1418,10,15,24,25,29,34,26.0,5100000.0,20/04/2024
30.0,1417,9,12,14,19,27,36,3.0,5000000.0,16/04/2024
30.0,1416,4,9,11,14,20,26,34.0,5000000.0,13/04/2024
30.0,1415,3,11,14,30,31,39,18.0,26700000.0,09/04/2024
30.0,1414,6,8,11,13,14,36,21.0,24300000.0,06/04/2024
30.0,1413,6,15,22,34,37,39,4.0,22000000.0,02/04/2024
30.0,1412,1,5,6,13,14,16,35.0,19500000.0,30/03/2024
30.0,1411,16,19,21,29,30,37,26.0,17300000.0,26/03/2024
30.0,1410,6,7,10,14,24,26,18.0,15300000.0,23/03/2024
30.0,1409,18,19,21,23,24,37,2.0,13000000.0,19/03/2024
30.0,1408,1,2,6,20,28,34,4.0,11000000.0,16/03/2024
30.0,1407,13,18,22,25,29,33,21.0,9300000.0,12/03/2024
30.0,1406,2,4,20,30,31,32,19.0,7500000.0,09/03/2024
30.0,1405,1,4,10,33,34,36,7.0,5900000.0,05/03/2024
30.0,1404,6,7,22,30,34,36,2.0,5200000.0,02/03/2024
30.0,1403,9,11,12,26,30,36,7.0,5100000.0,27/02/2024
30.0,1402,4,10,23,26,29,32,2.0,5000000.0,24/02/2024
30.0,1401,4,9,11,22,31,34,23.0,27500000.0,20/02/2024
30.0,1400,1,4,12,17,21,32,7.0,24900000.0,17/02/2024
30.0,1399,1,14,26,31,35,38,2.0,21900000.0,13/02/2024
30.0,1398,6,9,26,31,34,37,32.0,19300000.0,10/02/2024
30.0,1397,1,5,12,14,26,31,37.0,17300000.0,06/02/2024
30.0,1396,4,8,20,29,30,35,14.0,14700000.0,03/02/2024
30.0,1395,5,8,17,29,38,39,19.0,12700000.0,30/01/2024
30.0,1394,6,8,26,28,31,33,20.0,10700000.0,27/01/2024
30.0,1393,2,3,18,23,28,29,12.0,8900000.0,23/01/2024
30.0,1392,2,6,20,26,30,32,5.0,7300000.0,20/01/2024
30.0,1391,8,12,14,16,19,29,25.0,5700000.0,16/01/2024
30.0,1390,7,10,18,19,24,25,13.0,5200000.0,13/01/2024
30.0,1389,8,16,18,35,37,39,28.0,5100000.0,09/01/2024
30.0,1388,4,10,14,21,28,38,3.0,5000000.0,06/01/2024
30.0,1387,9,16,20,32,34,36,27.0,11300000.0,02/01/2024
30.0,1386,1,13,23,24,26,39,7.0,9300000.0,30/12/2023
30.0,1385,8,15,19,25,33,35,36.0,7900000.0,26/12/2023
30.0,1384,5,11,16,17,22,37,26.0,6000000.0,23/12/2023
30.0,1383,1,6,8,10,22,33,37.0,5200000.0,19/12/2023
30.0,1382,6,14,15,19,31,35,20.0,5100000.0,16/12/2023
30.0,1381,2,4,6,10,19,25,12.0,5000000.0,12/12/2023
30.0,1380,2,17,25,28,29,33,1.0,5700000.0,09/12/2023
30.0,1379,4,17,26,29,32,39,37.0,5200000.0,05/12/2023
30.0,1378,7,13,20,22,29,37,35.0,5100000.0,02/12/2023
30.0,1377,1,9,17,29,33,38,12.0,5000000.0,28/11/2023
30.0,1376,3,4,9,18,19,31,11.0,13700000.0,25/11/2023
30.0,1375,16,25,26,29,33,39,27.0,11900000.0,21/11/2023
30.0,1374,1,4,5,17,28,39,33.0,10000000.0,18/11/2023
30.0,1373,2,18,21,29,32,33,31.0,8300000.0,14/11/2023
30.0,1372,8,13,14,28,29,39,22.0,6900000.0,11/11/2023
30.0,1371,3,20,21,22,26,32,5.0,5300000.0,07/11/2023
30.0,1370,4,7,9,23,29,33,14.0,5200000.0,04/11/2023
30.0,1369,4,7,13,14,24,35,29.0,5100000.0,31/10/2023
30.0,1368,2,11,17,21,31,38,5.0,5000000.0,28/10/2023
30.0,1367,3,12,22,23,33,37,14.0,6900000.0,24/10/2023
30.0,1366,1,4,7,17,29,30,13.0,5500000.0,21/10/2023
30.0,1365,5,6,7,26,27,36,3.0,5200000.0,17/10/2023
30.0,1364,6,8,13,19,21,39,22.0,5100000.0,14/10/2023
30.0,1363,5,8,13,18,27,39,34.0,5000000.0,10/10/2023
30.0,1362,2,7,13,16,31,33,22.0,10000000.0,07/10/2023
30.0,1361,6,7,11,23,32,38,13.0,8500000.0,03/10/2023
30.0,1360,11,14,17,20,27,35,10.0,6700000.0,30/09/2023
30.0,1359,2,15,22,28,37,38,14.0,5300000.0,26/09/2023
30.0,1358,5,7,11,21,25,37,17.0,5200000.0,23/09/2023
30.0,1357,3,9,14,15,21,30,34.0,5100000.0,19/09/2023
30.0,1356,1,5,9,22,35,36,21.0,5000000.0,16/09/2023
30.0,1355,12,17,21,22,24,34,5.0,8500000.0,12/09/2023
30.0,1354,4,9,12,30,32,39,33.0,7000000.0,09/09/2023
30.0,1353,2,16,22,23,35,36,17.0,5500000.0,05/09/2023
30.0,1352,3,15,17,21,23,30,36.0,5200000.0,02/09/2023
30.0,1351,6,9,15,29,33,36,26.0,5100000.0,29/08/2023
30.0,1350,7,13,16,34,38,39,3.0,5000000.0,26/08/2023
30.0,1349,11,22,23,26,28,35,7.0,5500000.0,22/08/2023
30.0,1348,3,4,5,11,33,38,30.0,5200000.0,19/08/2023
30.0,1347,6,7,12,20,24,36,14.0,5100000.0,15/08/2023
30.0,1346,5,8,17,23,31,39,11.0,5000000.0,12/08/2023
30.0,1345,8,27,31,32,37,39,14.0,8700000.0,08/08/2023
30.0,1344,2,3,7,30,31,38,23.0,6900000.0,05/08/2023
30.0,1343,3,19,20,27,28,32,15.0,5700000.0,01/08/2023
30.0,1342,4,8,9,10,15,17,2.0,5200000.0,29/07/2023
30.0,1341,13,16,19,26,31,35,25.0,5100000.0,25/07/2023
30.0,1340,2,5,13,17,23,25,15.0,5000000.0,22/07/2023
30.0,1339,3,5,12,13,24,26,36.0,7300000.0,18/07/2023
30.0,1338,14,17,18,24,32,34,27.0,5500000.0,15/07/2023
30.0,1337,2,3,6,11,16,26,25.0,5200000.0,11/07/2023
30.0,1336,4,5,14,27,30,32,12.0,5100000.0,08/07/2023
30.0,1335,4,17,21,24,29,38,15.0,5000000.0,04/07/2023
30.0,1334,2,14,15,20,26,38,12.0,15000000.0,01/07/2023
30.0,1333,1,7,15,21,28,31,6.0,13300000.0,27/06/2023
30.0,1332,2,4,7,11,17,19,16.0,11500000.0,24/06/2023
30.0,1331,6,11,18,21,24,27,10.0,9900000.0,20/06/2023
30.0,1330,2,10,13,22,28,38,17.0,8300000.0,17/06/2023
30.0,1329,8,10,12,13,25,28,18.0,6900000.0,13/06/2023
30.0,1328,2,8,13,28,29,34,21.0,5500000.0,10/06/2023
30.0,1327,4,24,25,30,32,37,12.0,5200000.0,06/06/2023
30.0,1326,8,10,15,24,27,28,17.0,5100000.0,03/06/2023
30.0,1325,1,5,19,22,27,33,30.0,5000000.0,30/05/2023
30.0,1324,1,8,17,24,27,28,4.0,8700000.0,27/05/2023
30.0,1323,1,7,13,30,33,34,9.0,7300000.0,23/05/2023
30.0,1322,6,22,30,31,33,39,3.0,5900000.0,20/05/2023
30.0,1321,3,5,8,21,30,36,25.0,5200000.0,16/05/2023
30.0,1320,3,19,23,24,36,38,32.0,5100000.0,13/05/2023
30.0,1319,7,17,26,27,28,37,12.0,5000000.0,09/05/2023
30.0,1318,6,12,15,27,28,31,33.0,14300000.0,06/05/2023
30.0,1317,7,12,20,30,32,34,38.0,12300000.0,02/05/2023
30.0,1316,1,8,14,19,31,39,9.0,10500000.0,29/04/2023
30.0,1315,4,8,11,25,31,38,36.0,8900000.0,25/04/2023
30.0,1314,7,8,15,17,20,36,12.0,7300000.0,22/04/2023
30.0,1313,1,7,14,26,31,32,19.0,5900000.0,18/04/2023
30.0,1312,12,17,22,23,25,39,19.0,5200000.0,15/04/2023
30.0,1311,10,21,28,33,36,38,30.0,5100000.0,11/04/2023
30.0,1310,9,23,25,29,31,33,12.0,5000000.0,08/04/2023
30.0,1309,12,22,26,35,36,39,23.0,40300000.0,04/04/2023
30.0,1308,15,18,20,25,34,39,31.0,37300000.0,01/04/2023
30.0,1307,12,21,23,26,35,36,10.0,34500000.0,28/03/2023
30.0,1306,3,6,14,26,30,39,36.0,31700000.0,25/03/2023
30.0,1305,3,4,10,11,13,22,31.0,29500000.0,21/03/2023
30.0,1304,2,8,12,16,17,38,37.0,26900000.0,18/03/2023
30.0,1303,1,6,17,28,32,33,15.0,24300000.0,14/03/2023
30.0,1302,1,9,13,25,31,35,19.0,22000000.0,11/03/2023
30.0,1301,6,15,16,26,32,35,22.0,19700000.0,07/03/2023
30.0,1300,8,17,27,32,34,37,7.0,17300000.0,04/03/2023
30.0,1299,7,15,19,26,29,38,28.0,15300000.0,28/02/2023
30.0,1298,6,12,21,23,26,31,37.0,13300000.0,25/02/2023
30.0,1297,6,7,21,23,29,36,16.0,11500000.0,21/02/2023
30.0,1296,20,23,24,30,33,35,34.0,9700000.0,18/02/2023
30.0,1295,3,8,19,25,34,38,35.0,8300000.0,14/02/2023
30.0,1294,12,15,25,30,32,38,24.0,6700000.0,11/02/2023
30.0,1293,10,12,15,22,27,34,36.0,5300000.0,07/02/2023
30.0,1292,2,7,22,25,27,31,5.0,5200000.0,04/02/2023
30.0,1291,9,14,18,19,25,35,4.0,5100000.0,31/01/2023
30.0,1290,2,3,8,21,23,29,19.0,5000000.0,28/01/2023
30.0,1289,2,11,21,24,29,35,28.0,8700000.0,24/01/2023
30.0,1288,3,12,20,22,29,34,38.0,7000000.0,21/01/2023
30.0,1287,7,21,23,24,26,28,20.0,5700000.0,17/01/2023
30.0,1286,8,13,18,28,34,39,5.0,5200000.0,14/01/2023
30.0,1285,14,19,30,31,35,39,5.0,5100000.0,10/01/2023
30.0,1284,8,13,23,26,36,38,34.0,5000000.0,07/01/2023
30.0,1283,1,4,5,8,21,30,39.0,13900000.0,03/01/2023
30.0,1282,3,8,15,20,31,35,28.0,11700000.0,31/12/2022
30.0,1281,1,3,10,19,27,30,17.0,9700000.0,27/12/2022
30.0,1280,3,4,7,17,21,38,16.0,8300000.0,24/12/2022
30.0,1279,4,8,14,17,33,39,7.0,7000000.0,20/12/2022
30.0,1278,3,5,16,19,26,39,34.0,5500000.0,17/12/2022
30.0,1277,6,10,11,25,33,34,30.0,5200000.0,13/12/2022
30.0,1276,1,2,4,19,32,36,31.0,5100000.0,10/12/2022
30.0,1275,10,12,14,17,26,37,8.0,5000000.0,06/12/2022
30.0,1274,7,14,16,25,30,38,23.0,6500000.0,03/12/2022
30.0,1273,1,4,8,16,26,36,27.0,5300000.0,29/11/2022
30.0,1272,3,6,19,26,34,38,17.0,5200000.0,26/11/2022
30.0,1271,17,18,24,28,30,35,10.0,5100000.0,22/11/2022
30.0,1270,4,7,19,26,31,34,30.0,5000000.0,19/11/2022
30.0,1269,3,11,24,32,34,38,22.0,5100000.0,15/11/2022
30.0,1268,4,8,24,25,26,39,34.0,5000000.0,12/11/2022
30.0,1267,2,7,8,14,15,21,4.0,13000000.0,08/11/2022
30.0,1266,2,14,22,24,26,30,34.0,10900000.0,05/11/2022
30.0,1265,3,15,17,23,31,36,2.0,9300000.0,01/11/2022
30.0,1264,2,8,17,29,36,39,15.0,7700000.0,29/10/2022
30.0,1263,3,22,25,30,36,37,13.0,6500000.0,25/10/2022
30.0,1262,1,7,9,21,33,38,22.0,5300000.0,22/10/2022
30.0,1261,7,8,23,28,31,38,1.0,5200000.0,18/10/2022
30.0,1260,6,12,13,26,36,37,19.0,5100000.0,15/10/2022
30.0,1259,2,15,21,25,32,36,12.0,5000000.0,11/10/2022
30.0,1258,4,5,10,18,20,30,9.0,6700000.0,08/10/2022
30.0,1257,3,17,19,20,21,35,11.0,5300000.0,04/10/2022
30.0,1256,7,19,21,29,33,35,2.0,5200000.0,01/10/2022
30.0,1255,1,8,10,29,31,33,18.0,5100000.0,27/09/2022
30.0,1254,8,15,23,33,37,38,27.0,5000000.0,24/09/2022
30.0,1253,4,8,9,19,24,27,15.0,32300000.0,20/09/2022
30.0,1252,3,6,7,8,31,37,30.0,29700000.0,17/09/2022
30.0,1251,6,10,15,21,23,33,13.0,28000000.0,13/09/2022
30.0,1250,2,3,13,14,17,24,19.0,26000000.0,10/09/2022
30.0,1249,6,8,20,30,31,32,38.0,23700000.0,06/09/2022
30.0,1248,8,11,16,21,27,38,32.0,21500000.0,03/09/2022
30.0,1247,3,14,17,18,24,38,8.0,19700000.0,30/08/2022
30.0,1246,4,6,11,25,26,38,9.0,17900000.0,27/08/2022
30.0,1245,2,3,14,17,30,38,26.0,16000000.0,23/08/2022
30.0,1244,9,15,20,27,28,38,34.0,14300000.0,20/08/2022
30.0,1243,3,4,6,12,22,24,39.0,12700000.0,16/08/2022
30.0,1242,2,14,18,20,29,37,28.0,11000000.0,13/08/2022
30.0,1241,6,8,12,34,38,39,29.0,9300000.0,09/08/2022
30.0,1240,10,17,21,23,28,39,9.0,7900000.0,06/08/2022
30.0,1239,5,7,23,26,27,34,32.0,6500000.0,02/08/2022
30.0,1238,8,9,13,21,24,29,7.0,5300000.0,30/07/2022
30.0,1237,5,7,13,19,37,38,32.0,5200000.0,26/07/2022
30.0,1236,1,11,15,32,36,39,27.0,5100000.0,23/07/2022
30.0,1235,4,7,12,23,26,37,38.0,5000000.0,19/07/2022
30.0,1234,1,7,10,23,33,38,15.0,9300000.0,16/07/2022
30.0,1233,5,13,23,26,27,30,22.0,8000000.0,12/07/2022
30.0,1232,5,6,14,21,23,25,33.0,6700000.0,09/07/2022
30.0,1231,8,10,28,30,35,37,22.0,5300000.0,05/07/2022
30.0,1230,13,18,20,23,29,37,22.0,5200000.0,02/07/2022
30.0,1229,1,4,15,20,33,39,13.0,5100000.0,28/06/2022
30.0,1228,5,9,16,17,32,33,15.0,5000000.0,25/06/2022
30.0,1227,6,7,9,12,31,39,38.0,6700000.0,21/06/2022
30.0,1226,23,26,34,35,37,39,13.0,5300000.0,18/06/2022
30.0,1225,3,11,14,26,29,37,30.0,5200000.0,14/06/2022
30.0,1224,3,6,9,14,21,26,4.0,5100000.0,11/06/2022
30.0,1223,9,22,23,26,27,30,20.0,5000000.0,07/06/2022
30.0,1222,4,8,17,19,22,38,35.0,21000000.0,04/06/2022
30.0,1221,16,18,25,28,29,31,26.0,19000000.0,31/05/2022
30.0,1220,7,10,17,18,29,32,21.0,17300000.0,28/05/2022
30.0,1219,4,12,17,18,25,26,27.0,15500000.0,24/05/2022
30.0,1218,3,10,17,25,31,36,37.0,13700000.0,21/05/2022
30.0,1217,2,11,13,20,23,29,26.0,12000000.0,17/05/2022
30.0,1216,18,26,27,28,29,31,17.0,10500000.0,14/05/2022
30.0,1215,17,18,19,30,31,38,10.0,9000000.0,10/05/2022
30.0,1214,6,8,9,13,27,37,19.0,7700000.0,07/05/2022
30.0,1213,9,21,23,25,33,36,39.0,6300000.0,03/05/2022
30.0,1212,5,9,15,20,30,37,18.0,5300000.0,30/04/2022
30.0,1211,8,11,13,17,30,32,16.0,5200000.0,26/04/2022
30.0,1210,4,14,21,23,27,32,26.0,5100000.0,23/04/2022
30.0,1209,6,8,22,26,34,38,24.0,5000000.0,19/04/2022
30.0,1208,4,6,21,24,28,31,20.0,6300000.0,16/04/2022
30.0,1207,5,6,19,20,35,38,7.0,5300000.0,12/04/2022
30.0,1206,8,14,18,27,30,33,37.0,5200000.0,09/04/2022
30.0,1205,10,11,18,22,23,28,14.0,5100000.0,05/04/2022
30.0,1204,2,5,15,24,32,37,19.0,5000000.0,02/04/2022
30.0,1203,6,11,26,27,33,36,2.0,21000000.0,29/03/2022
30.0,1202,1,5,8,10,12,31,3.0,19300000.0,26/03/2022
30.0,1201,4,9,10,23,25,32,12.0,17700000.0,22/03/2022
30.0,1200,1,4,7,15,22,32,13.0,16000000.0,19/03/2022
30.0,1199,6,10,24,28,33,36,32.0,14300000.0,15/03/2022
30.0,1198,10,15,17,26,35,37,27.0,12700000.0,12/03/2022
30.0,1197,1,12,13,20,33,35,28.0,11000000.0,08/03/2022
30.0,1196,2,3,7,10,18,24,26.0,9300000.0,05/03/2022
30.0,1195,13,15,18,21,25,35,32.0,8000000.0,01/03/2022
30.0,1194,2,10,14,16,21,27,37.0,6700000.0,26/02/2022
30.0,1193,3,4,7,22,24,39,26.0,5300000.0,22/02/2022
30.0,1192,2,12,16,17,18,30,19.0,5200000.0,19/02/2022
30.0,1191,6,12,18,22,27,35,29.0,5100000.0,15/02/2022
30.0,1190,9,10,11,28,31,39,34.0,5000000.0,12/02/2022
30.0,1189,6,18,26,27,29,37,7.0,28700000.0,08/02/2022
30.0,1188,2,3,10,12,15,39,22.0,26500000.0,05/02/2022
30.0,1187,9,16,26,28,33,35,20.0,24300000.0,01/02/2022
30.0,1186,2,3,12,19,22,36,7.0,22300000.0,29/01/2022
30.0,1185,1,4,8,24,31,38,2.0,20500000.0,25/01/2022
30.0,1184,2,3,6,12,16,23,30.0,18700000.0,22/01/2022
30.0,1183,1,4,16,19,27,37,8.0,16900000.0,18/01/2022
30.0,1182,2,14,22,24,32,33,17.0,15000000.0,15/01/2022
30.0,1181,1,5,19,26,31,34,39.0,13300000.0,11/01/2022
30.0,1180,3,10,13,19,29,31,30.0,11500000.0,08/01/2022
30.0,1179,2,3,11,30,32,34,19.0,10000000.0,04/01/2022
30.0,1178,3,11,12,14,28,32,9.0,8300000.0,01/01/2022
30.0,1177,11,16,23,24,26,37,29.0,6500000.0,28/12/2021
30.0,1176,5,6,22,34,35,38,11.0,6000000.0,25/12/2021
30.0,1175,12,14,15,30,33,37,13.0,5300000.0,21/12/2021
30.0,1174,2,5,17,18,19,38,31.0,5200000.0,18/12/2021
30.0,1173,2,5,8,21,26,37,28.0,5100000.0,14/12/2021
30.0,1172,4,7,13,18,25,36,26.0,5000000.0,11/12/2021
30.0,1171,6,9,13,24,26,35,1.0,6300000.0,07/12/2021
30.0,1170,8,11,13,16,25,31,33.0,5300000.0,04/12/2021
30.0,1169,6,17,23,32,37,39,5.0,5200000.0,30/11/2021
30.0,1168,13,18,25,29,32,38,10.0,5100000.0,27/11/2021
30.0,1167,1,5,7,10,28,29,18.0,5000000.0,23/11/2021
30.0,1166,3,13,15,17,18,21,6.0,13500000.0,20/11/2021
30.0,1165,6,9,18,21,29,31,5.0,11900000.0,16/11/2021
30.0,1164,1,7,15,30,31,34,14.0,10300000.0,13/11/2021
30.0,1163,9,18,22,23,36,37,38.0,8700000.0,09/11/2021
30.0,1162,2,12,17,28,34,39,26.0,7000000.0,06/11/2021
30.0,1161,2,9,23,32,33,35,4.0,5400000.0,02/11/2021
30.0,1160,4,15,17,19,22,37,23.0,5300000.0,30/10/2021
30.0,1159,13,21,23,29,30,35,19.0,5200000.0,26/10/2021
30.0,1158,1,3,25,27,37,39,12.0,5100000.0,23/10/2021
30.0,1157,15,23,26,31,35,37,25.0,5000000.0,19/10/2021
30.0,1156,3,5,14,20,22,39,1.0,5300000.0,16/10/2021
30.0,1155,13,17,21,22,28,33,26.0,5200000.0,12/10/2021
30.0,1154,12,13,16,26,30,33,25.0,5100000.0,09/10/2021
30.0,1153,1,5,13,21,30,35,27.0,5000000.0,05/10/2021
30.0,1152,6,10,12,13,20,35,9.0,10300000.0,02/10/2021
30.0,1151,3,4,12,19,23,37,18.0,9000000.0,28/09/2021
30.0,1150,7,14,21,24,34,36,25.0,7500000.0,25/09/2021
30.0,1149,13,17,25,28,38,39,23.0,6300000.0,21/09/2021
30.0,1148,1,8,21,22,34,37,31.0,5300000.0,18/09/2021
30.0,1147,11,18,25,27,31,39,36.0,5200000.0,14/09/2021
30.0,1146,1,4,7,10,28,29,16.0,5100000.0,11/09/2021
30.0,1145,10,11,26,35,38,39,5.0,5000000.0,07/09/2021
30.0,1144,2,4,14,26,30,37,23.0,5200000.0,04/09/2021
30.0,1143,2,7,21,31,37,39,4.0,5100000.0,31/08/2021
30.0,1142,1,6,10,24,28,31,36.0,5000000.0,28/08/2021
30.0,1141,1,3,9,21,24,33,30.0,9000000.0,24/08/2021
30.0,1140,1,3,14,18,31,34,5.0,7300000.0,21/08/2021
30.0,1139,10,28,29,30,31,39,1.0,5700000.0,17/08/2021
30.0,1138,4,11,14,21,27,30,24.0,5300000.0,14/08/2021
30.0,1137,1,3,21,23,35,37,10.0,5200000.0,10/08/2021
30.0,1136,14,17,25,32,37,39,15.0,5100000.0,07/08/2021
30.0,1135,1,3,9,22,24,27,29.0,5000000.0,03/08/2021
30.0,1134,5,6,8,26,29,39,15.0,5000000.0,31/07/2021
30.0,1133,2,4,15,22,31,38,24.0,5300000.0,27/07/2021
30.0,1132,3,27,31,32,34,38,20.0,5200000.0,24/07/2021
30.0,1131,2,3,4,6,16,37,12.0,5100000.0,20/07/2021
30.0,1130,2,18,26,28,32,37,24.0,5000000.0,17/07/2021
30.0,1129,2,9,20,21,27,37,17.0,5200000.0,13/07/2021
30.0,1128,4,12,20,35,36,38,8.0,5100000.0,10/07/2021
30.0,1127,4,7,17,23,29,37,36.0,5000000.0,06/07/2021
30.0,1126,1,3,24,29,33,38,36.0,18000000.0,03/07/2021
30.0,1125,8,14,17,29,31,34,37.0,16500000.0,29/06/2021
30.0,1124,2,7,20,24,32,33,3.0,14700000.0,26/06/2021
30.0,1123,12,17,31,36,37,39,25.0,13300000.0,22/06/2021
30.0,1122,9,17,20,30,31,38,26.0,11700000.0,19/06/2021
30.0,1121,3,20,25,28,34,38,35.0,10000000.0,15/06/2021
30.0,1120,3,11,15,24,29,38,28.0,8700000.0,12/06/2021
30.0,1119,3,10,14,19,29,36,35.0,7500000.0,08/06/2021
30.0,1118,10,12,13,14,30,39,23.0,6000000.0,05/06/2021
30.0,1117,6,14,15,19,25,31,11.0,5300000.0,01/06/2021
30.0,1116,1,11,18,23,31,39,17.0,5200000.0,29/05/2021
30.0,1115,7,10,17,20,29,31,8.0,5100000.0,25/05/2021
30.0,1114,3,10,17,25,29,37,6.0,5000000.0,22/05/2021
30.0,1113,9,20,28,34,38,39,1.0,7300000.0,18/05/2021
30.0,1112,11,18,26,35,36,39,23.0,5900000.0,15/05/2021
30.0,1111,12,18,21,33,35,37,39.0,5300000.0,11/05/2021
30.0,1110,6,11,25,27,31,38,13.0,5200000.0,08/05/2021
30.0,1109,6,15,26,32,35,39,11.0,5100000.0,04/05/2021
30.0,1108,23,28,29,30,32,38,33.0,5000000.0,01/05/2021
30.0,1107,5,7,8,12,27,31,14.0,5000000.0,27/04/2021
30.0,1106,14,17,25,29,36,38,33.0,5100000.0,24/04/2021
30.0,1105,1,8,10,17,22,28,16.0,5000000.0,20/04/2021
30.0,1104,11,27,29,34,35,37,3.0,21000000.0,17/04/2021
30.0,1103,13,22,25,28,35,36,33.0,19300000.0,13/04/2021
30.0,1102,6,7,10,12,17,18,3.0,17700000.0,10/04/2021
30.0,1101,3,6,9,28,29,30,15.0,16000000.0,06/04/2021
30.0,1100,3,25,28,30,33,36,24.0,14400000.0,03/04/2021
30.0,1099,5,7,9,13,19,31,17.0,13100000.0,30/03/2021
30.0,1098,8,11,18,23,24,30,20.0,11700000.0,27/03/2021
30.0,1097,1,9,10,13,24,34,39.0,10300000.0,23/03/2021
30.0,1096,3,6,7,22,30,35,14.0,8800000.0,20/03/2021
30.0,1095,6,8,9,12,33,38,30.0,7500000.0,16/03/2021
30.0,1094,9,10,22,25,31,36,35.0,6000000.0,13/03/2021
30.0,1093,7,8,12,31,32,39,13.0,5300000.0,09/03/2021
30.0,1092,5,12,16,27,34,39,36.0,5200000.0,06/03/2021
30.0,1091,4,8,15,23,27,30,36.0,5100000.0,02/03/2021
30.0,1090,18,20,32,33,34,37,7.0,5000000.0,27/02/2021
30.0,1089,8,11,15,27,29,38,28.0,22300000.0,23/02/2021
30.0,1088,5,7,16,25,27,31,10.0,20500000.0,20/02/2021
30.0,1087,11,12,23,25,29,30,27.0,19000000.0,16/02/2021
30.0,1086,15,20,21,28,37,39,36.0,17300000.0,13/02/2021
30.0,1085,9,17,21,25,31,38,19.0,15800000.0,09/02/2021
30.0,1084,2,8,16,19,37,39,36.0,14000000.0,06/02/2021
30.0,1083,3,4,15,16,28,35,5.0,12700000.0,02/02/2021
30.0,1082,6,10,12,20,27,31,36.0,11000000.0,30/01/2021
30.0,1081,8,24,29,31,32,33,27.0,9700000.0,26/01/2021
30.0,1080,16,18,24,34,35,36,21.0,8300000.0,23/01/2021
30.0,1079,3,10,27,32,35,36,16.0,7000000.0,19/01/2021
30.0,1078,6,15,22,23,30,38,19.0,5800000.0,16/01/2021
30.0,1077,11,17,19,20,27,29,24.0,5300000.0,12/01/2021
30.0,1076,10,20,27,31,34,35,7.0,5200000.0,09/01/2021
30.0,1075,7,13,21,23,24,31,22.0,5100000.0,05/01/2021
30.0,1074,3,10,20,26,32,37,36.0,5000000.0,02/01/2021
30.0,1073,10,11,27,29,31,36,23.0,5000000.0,29/12/2020
30.0,1072,1,4,16,17,19,38,36.0,7000000.0,26/12/2020
30.0,1071,4,16,20,28,33,35,37.0,5900000.0,22/12/2020
30.0,1070,7,9,23,30,33,38,3.0,5300000.0,19/12/2020
30.0,1069,13,14,21,28,36,39,23.0,5200000.0,15/12/2020
30.0,1068,6,11,23,31,32,35,24.0,5100000.0,12/12/2020
30.0,1067,15,19,27,34,38,39,3.0,5000000.0,08/12/2020
30.0,1066,1,3,12,23,29,30,14.0,11600000.0,05/12/2020
30.0,1065,5,6,17,20,30,37,15.0,10300000.0,01/12/2020
30.0,1064,3,8,10,11,25,39,38.0,8900000.0,28/11/2020
30.0,1063,1,3,4,20,22,33,23.0,7700000.0,24/11/2020
30.0,1062,3,4,6,8,30,31,22.0,6500000.0,21/11/2020
30.0,1061,3,13,17,31,33,38,24.0,5500000.0,17/11/2020
30.0,1060,4,10,17,30,31,39,8.0,5300000.0,14/11/2020
30.0,1059,4,8,16,19,25,27,3.0,5200000.0,10/11/2020
30.0,1058,6,7,17,19,21,31,16.0,5100000.0,07/11/2020
30.0,1057,2,10,15,21,28,31,5.0,5000000.0,03/11/2020
30.0,1056,7,8,11,27,34,39,32.0,5000000.0,31/10/2020
30.0,1055,2,6,24,33,35,36,37.0,5200000.0,27/10/2020
30.0,1054,6,9,22,25,32,36,19.0,5100000.0,24/10/2020
30.0,1053,2,5,9,13,19,31,35.0,5000000.0,20/10/2020
30.0,1052,3,4,21,22,24,37,16.0,12000000.0,17/10/2020
30.0,1051,12,19,23,27,34,37,20.0,10800000.0,13/10/2020
30.0,1050,4,7,8,15,20,23,25.0,9500000.0,10/10/2020
30.0,1049,4,9,18,29,30,38,21.0,8300000.0,06/10/2020
30.0,1048,1,13,19,35,36,38,21.0,7100000.0,03/10/2020
30.0,1047,1,13,15,17,25,37,7.0,6000000.0,29/09/2020
30.0,1046,2,6,7,12,18,29,25.0,5400000.0,26/09/2020
30.0,1045,4,8,12,13,14,29,26.0,5300000.0,22/09/2020
30.0,1044,18,19,28,29,32,37,25.0,5200000.0,19/09/2020
30.0,1043,4,11,13,17,28,38,25.0,5100000.0,15/09/2020
30.0,1042,3,17,20,25,35,39,8.0,5000000.0,12/09/2020
30.0,1041,10,12,23,27,33,36,26.0,5400000.0,08/09/2020
30.0,1040,16,21,26,28,31,34,11.0,5300000.0,05/09/2020
30.0,1039,8,12,15,20,23,35,1.0,5200000.0,01/09/2020
30.0,1038,1,10,18,19,27,34,36.0,5100000.0,29/08/2020
30.0,1037,2,6,11,27,32,37,17.0,5000000.0,25/08/2020
30.0,1036,3,4,31,32,34,36,13.0,13000000.0,22/08/2020
30.0,1035,4,8,16,22,27,33,18.0,11900000.0,18/08/2020
30.0,1034,6,10,11,17,20,33,15.0,10800000.0,15/08/2020
30.0,1033,3,13,18,20,26,32,22.0,9800000.0,11/08/2020
30.0,1032,11,20,22,25,31,38,4.0,8600000.0,08/08/2020
30.0,1031,2,7,8,11,27,30,24.0,7600000.0,04/08/2020
30.0,1030,12,13,20,25,26,27,24.0,6600000.0,01/08/2020
30.0,1029,1,2,3,5,13,16,6.0,5900000.0,28/07/2020
30.0,1028,10,19,20,21,24,25,39.0,5800000.0,25/07/2020
30.0,1027,1,4,9,21,24,25,34.0,5700000.0,31/03/2020
30.0,1026,5,14,22,25,35,39,27.0,5300000.0,28/03/2020
30.0,1025,12,13,20,25,26,35,38.0,5200000.0,24/03/2020
30.0,1024,3,18,19,22,26,32,5.0,5100000.0,21/03/2020
30.0,1023,4,7,11,23,25,33,20.0,5000000.0,17/03/2020
30.0,1022,9,18,32,37,38,39,13.0,5000000.0,14/03/2020
30.0,1021,9,21,30,32,34,35,14.0,10300000.0,10/03/2020
30.0,1020,4,7,23,31,33,35,29.0,8900000.0,07/03/2020
30.0,1019,11,14,17,18,24,29,15.0,7500000.0,03/03/2020
30.0,1018,7,16,18,22,25,26,19.0,6200000.0,29/02/2020
30.0,1017,1,6,9,13,15,19,35.0,5300000.0,25/02/2020
30.0,1016,4,5,16,29,31,32,6.0,5200000.0,22/02/2020
30.0,1015,7,13,21,25,30,33,24.0,5100000.0,18/02/2020
30.0,1014,3,15,20,22,26,29,33.0,5000000.0,15/02/2020
30.0,1013,1,9,14,27,30,37,26.0,9400000.0,11/02/2020
30.0,1012,2,5,7,10,21,39,29.0,7900000.0,08/02/2020
30.0,1011,10,12,16,23,26,30,32.0,6600000.0,04/02/2020
30.0,1010,19,23,26,31,35,36,24.0,5300000.0,01/02/2020
30.0,1009,1,5,12,24,29,37,10.0,5200000.0,28/01/2020
30.0,1008,24,30,34,37,38,39,23.0,5100000.0,25/01/2020
30.0,1007,4,16,26,28,31,33,2.0,5000000.0,21/01/2020
30.0,1006,3,10,18,21,26,27,28.0,5400000.0,18/01/2020
30.0,1005,4,14,15,21,28,37,32.0,5200000.0,14/01/2020
30.0,1004,4,11,24,25,26,39,20.0,5100000.0,11/01/2020
30.0,1003,2,4,10,28,33,39,3.0,5000000.0,07/01/2020
30.0,1002,13,14,21,30,31,33,22.0,36900000.0,04/01/2020
30.0,1001,10,14,16,29,33,35,31.0,35000000.0,31/12/2019
30.0,1000,2,4,5,14,34,39,36.0,32900000.0,28/12/2019
30.0,999,15,26,34,37,38,39,10.0,31400000.0,24/12/2019
30.0,998,6,10,11,26,27,29,21.0,29600000.0,21/12/2019
30.0,997,1,8,13,14,20,28,19.0,27800000.0,17/12/2019
30.0,996,5,12,14,32,34,39,19.0,25900000.0,14/12/2019
30.0,995,8,10,11,15,25,38,29.0,24200000.0,10/12/2019
30.0,994,3,7,14,19,22,38,33.0,22400000.0,07/12/2019
30.0,993,1,4,11,12,27,36,24.0,20800000.0,03/12/2019
30.0,992,1,2,3,6,18,34,11.0,19000000.0,30/11/2019
30.0,991,6,19,22,27,37,38,2.0,17400000.0,26/11/2019
30.0,990,2,8,13,27,36,37,3.0,16000000.0,23/11/2019
30.0,989,7,8,11,26,36,38,3.0,14500000.0,19/11/2019
30.0,988,1,4,7,23,25,27,8.0,12800000.0,16/11/2019
30.0,987,2,4,11,14,22,33,21.0,11500000.0,12/11/2019
30.0,986,1,17,25,30,32,33,21.0,10000000.0,09/11/2019
30.0,985,7,9,13,17,24,34,26.0,8600000.0,05/11/2019
30.0,984,4,5,10,15,26,27,7.0,7400000.0,02/11/2019
30.0,983,1,11,13,28,33,36,2.0,6400000.0,29/10/2019
30.0,982,2,4,8,10,14,16,30.0,5300000.0,26/10/2019
30.0,981,6,9,21,25,31,35,4.0,5200000.0,22/10/2019
30.0,980,1,9,12,15,33,34,23.0,5100000.0,19/10/2019
30.0,979,4,15,17,18,23,36,13.0,5000000.0,15/10/2019
30.0,978,18,19,28,29,31,33,27.0,52000000.0,12/10/2019
30.0,977,8,10,13,15,32,34,37.0,49900000.0,08/10/2019
30.0,976,5,7,10,11,27,30,16.0,47900000.0,05/10/2019
30.0,975,3,10,14,23,26,33,13.0,45800000.0,01/10/2019
30.0,974,12,14,18,22,23,30,31.0,43600000.0,28/09/2019
30.0,973,1,10,12,18,20,24,34.0,41500000.0,24/09/2019
30.0,972,3,10,13,18,26,34,33.0,39500000.0,21/09/2019
30.0,971,3,12,13,17,25,37,10.0,37900000.0,17/09/2019
30.0,970,5,17,20,28,30,36,25.0,35900000.0,14/09/2019
30.0,969,17,22,26,27,36,38,39.0,34200000.0,10/09/2019
30.0,968,6,21,22,30,32,38,8.0,32400000.0,07/09/2019
30.0,967,1,15,33,35,38,39,32.0,30500000.0,03/09/2019
30.0,966,2,8,15,30,32,37,31.0,28500000.0,31/08/2019
30.0,965,1,9,11,14,20,22,7.0,27000000.0,27/08/2019
30.0,964,5,6,12,16,36,37,26.0,25500000.0,24/08/2019
30.0,963,16,17,19,25,26,37,30.0,23900000.0,20/08/2019
30.0,962,5,6,27,29,34,35,26.0,22300000.0,17/08/2019
30.0,961,7,8,15,25,31,35,11.0,20700000.0,13/08/2019
30.0,960,9,14,17,30,36,37,11.0,19200000.0,10/08/2019
30.0,959,4,6,7,15,16,25,34.0,17800000.0,06/08/2019
30.0,958,8,10,17,18,36,39,33.0,16000000.0,03/08/2019
30.0,957,23,24,25,26,28,30,19.0,14800000.0,30/07/2019
30.0,956,13,15,26,32,38,39,9.0,13400000.0,27/07/2019
30.0,955,2,7,14,15,30,36,28.0,12200000.0,23/07/2019
30.0,954,3,11,21,23,24,38,35.0,10800000.0,20/07/2019
30.0,953,20,26,29,31,37,38,22.0,9400000.0,16/07/2019
30.0,952,1,4,10,26,27,33,7.0,8000000.0,13/07/2019
30.0,951,1,3,4,12,17,32,16.0,7000000.0,09/07/2019
30.0,950,7,12,17,21,24,37,14.0,5800000.0,06/07/2019
30.0,949,17,20,22,24,29,31,11.0,5300000.0,02/07/2019
30.0,948,1,8,12,17,18,23,31.0,5200000.0,29/06/2019
30.0,947,4,6,9,16,27,33,24.0,5100000.0,25/06/2019
30.0,946,6,8,18,21,23,32,4.0,5000000.0,22/06/2019
30.0,945,1,8,23,24,29,37,38.0,5300000.0,18/06/2019
30.0,944,2,25,27,31,33,38,9.0,5200000.0,15/06/2019
30.0,943,4,6,11,23,28,35,22.0,5100000.0,11/06/2019
30.0,942,2,3,6,9,21,34,31.0,5000000.0,08/06/2019
30.0,941,1,7,12,25,29,35,15.0,5000000.0,04/06/2019
30.0,940,2,7,14,19,24,37,5.0,5200000.0,01/06/2019
30.0,939,5,13,21,22,23,36,8.0,5100000.0,28/05/2019
30.0,938,3,6,17,24,25,33,5.0,5000000.0,25/05/2019
30.0,937,8,10,14,22,29,36,7.0,21800000.0,21/05/2019
30.0,936,2,4,11,22,26,35,31.0,20200000.0,18/05/2019
30.0,935,8,22,23,24,35,37,17.0,18800000.0,14/05/2019
30.0,934,8,9,11,16,21,32,31.0,17400000.0,11/05/2019
30.0,933,2,6,11,26,37,38,21.0,16000000.0,07/05/2019
30.0,932,12,13,26,29,35,39,15.0,14600000.0,04/05/2019
30.0,931,9,13,16,19,30,39,12.0,13300000.0,30/04/2019
30.0,930,2,7,17,22,32,36,27.0,12000000.0,27/04/2019
30.0,929,10,12,18,28,32,37,19.0,10500000.0,23/04/2019
30.0,928,9,12,26,28,31,36,20.0,9300000.0,20/04/2019
30.0,927,4,10,13,14,16,25,6.0,8300000.0,16/04/2019
30.0,926,4,10,30,37,38,39,35.0,7200000.0,13/04/2019
30.0,925,2,3,28,33,38,39,5.0,6000000.0,09/04/2019
30.0,924,4,5,8,15,34,35,32.0,5300000.0,06/04/2019
30.0,923,1,9,19,23,25,29,30.0,5200000.0,02/04/2019
30.0,922,11,13,23,30,31,33,37.0,5100000.0,30/03/2019
30.0,921,1,2,4,6,20,28,18.0,5000000.0,26/03/2019
30.0,920,2,7,8,9,24,28,22.0,5100000.0,23/03/2019
30.0,919,9,13,19,27,33,36,7.0,5000000.0,19/03/2019
30.0,918,2,5,8,25,35,38,39.0,46500000.0,16/03/2019
30.0,917,4,6,13,14,21,32,22.0,44700000.0,12/03/2019
30.0,916,1,6,10,18,32,37,27.0,42700000.0,09/03/2019
30.0,915,9,16,17,20,24,39,13.0,41000000.0,05/03/2019
30.0,914,7,8,11,14,26,38,18.0,39000000.0,02/03/2019
30.0,913,5,6,7,9,25,32,27.0,37600000.0,26/02/2019
30.0,912,7,8,15,16,24,28,18.0,36000000.0,23/02/2019
30.0,911,6,9,10,11,13,21,15.0,34300000.0,19/02/2019
30.0,910,10,20,21,25,35,39,3.0,32600000.0,16/02/2019
30.0,909,5,6,11,20,28,29,17.0,31000000.0,12/02/2019
30.0,908,2,12,13,20,23,29,10.0,29400000.0,09/02/2019
30.0,907,8,9,17,20,25,30,37.0,27800000.0,05/02/2019
30.0,906,7,8,10,19,20,30,29.0,26000000.0,02/02/2019
30.0,905,2,19,23,28,29,35,12.0,24600000.0,29/01/2019
30.0,904,2,5,12,14,25,29,30.0,23000000.0,26/01/2019
30.0,903,9,10,12,21,27,38,26.0,21600000.0,22/01/2019
30.0,902,4,5,6,14,21,35,32.0,20000000.0,19/01/2019
30.0,901,9,11,13,14,23,30,6.0,18700000.0,15/01/2019
30.0,900,17,18,25,27,34,36,1.0,17300000.0,12/01/2019
30.0,899,8,18,24,26,27,39,35.0,16000000.0,08/01/2019
30.0,898,16,20,24,26,27,29,1.0,14500000.0,05/01/2019
30.0,897,4,5,6,8,14,32,38.0,13000000.0,01/01/2019
30.0,896,10,16,28,29,32,33,36.0,11700000.0,29/12/2018
30.0,895,6,8,22,24,30,34,5.0,10900000.0,25/12/2018
30.0,894,2,4,5,8,15,34,13.0,9600000.0,22/12/2018
30.0,893,1,22,25,27,29,33,23.0,8800000.0,18/12/2018
30.0,892,4,15,21,23,25,32,26.0,7600000.0,15/12/2018
30.0,891,2,8,21,22,30,34,9.0,6400000.0,11/12/2018
30.0,890,2,9,10,19,26,30,14.0,5400000.0,08/12/2018
30.0,889,6,9,12,25,33,37,26.0,5300000.0,04/12/2018
30.0,888,7,19,21,28,38,39,6.0,5200000.0,01/12/2018
30.0,887,8,15,19,32,35,37,17.0,5100000.0,27/11/2018
30.0,886,10,12,23,28,35,36,19.0,5000000.0,24/11/2018
30.0,885,1,8,14,15,18,38,31.0,5000000.0,20/11/2018
30.0,884,1,3,15,22,24,27,16.0,5300000.0,17/11/2018
30.0,883,3,13,15,24,30,32,16.0,5200000.0,13/11/2018
30.0,882,1,9,11,22,26,32,6.0,5100000.0,10/11/2018
30.0,881,15,16,21,22,27,29,19.0,5000000.0,06/11/2018
30.0,880,5,19,25,34,35,39,31.0,5200000.0,03/11/2018
30.0,879,15,21,29,34,38,39,32.0,5100000.0,30/10/2018
30.0,878,11,14,16,29,36,37,25.0,5000000.0,27/10/2018
30.0,877,13,14,28,31,33,37,6.0,11200000.0,23/10/2018
30.0,876,18,24,25,28,31,38,9.0,10000000.0,20/10/2018
30.0,875,8,16,20,21,26,36,6.0,8900000.0,16/10/2018
30.0,874,15,20,24,29,31,39,4.0,7700000.0,13/10/2018
30.0,873,9,13,19,26,32,37,6.0,6600000.0,09/10/2018
30.0,872,1,8,13,14,19,35,38.0,5400000.0,06/10/2018
30.0,871,3,7,10,17,18,20,8.0,5300000.0,02/10/2018
30.0,870,10,14,24,26,29,30,32.0,5200000.0,29/09/2018
30.0,869,7,13,16,26,29,39,14.0,5100000.0,25/09/2018
30.0,868,6,9,14,15,16,30,7.0,5000000.0,22/09/2018
30.0,867,1,6,9,11,21,31,5.0,15900000.0,18/09/2018
30.0,866,3,13,19,29,30,38,18.0,14500000.0,15/09/2018
30.0,865,6,10,11,35,37,38,14.0,13300000.0,11/09/2018
30.0,864,3,4,7,25,31,35,11.0,12000000.0,08/09/2018
30.0,863,4,14,24,32,34,39,10.0,10800000.0,04/09/2018
30.0,862,2,13,25,27,29,39,15.0,9600000.0,01/09/2018
30.0,861,2,4,6,21,27,31,25.0,8500000.0,28/08/2018
30.0,860,1,7,12,25,31,34,13.0,7500000.0,25/08/2018
30.0,859,9,14,24,26,31,37,13.0,6400000.0,21/08/2018
30.0,858,7,9,22,26,27,37,35.0,5400000.0,18/08/2018
30.0,857,11,14,18,23,24,30,27.0,5300000.0,14/08/2018
30.0,856,6,21,23,26,29,31,3.0,5200000.0,11/08/2018
30.0,855,2,10,18,19,30,37,31.0,5100000.0,07/08/2018
30.0,854,8,12,15,22,25,37,17.0,5000000.0,04/08/2018
30.0,853,3,15,16,18,25,34,1.0,5200000.0,31/07/2018
30.0,852,6,9,10,17,23,37,14.0,5100000.0,28/07/2018
30.0,851,2,5,16,23,35,36,29.0,5000000.0,24/07/2018
30.0,850,6,7,9,13,14,26,12.0,22300000.0,21/07/2018
30.0,849,1,4,7,11,25,39,24.0,20900000.0,17/07/2018
30.0,848,2,11,14,15,19,26,9.0,19500000.0,14/07/2018
30.0,847,2,18,26,31,33,35,5.0,18300000.0,10/07/2018
30.0,846,2,26,28,31,33,37,21.0,17000000.0,07/07/2018
30.0,845,2,3,4,11,15,29,19.0,15700000.0,03/07/2018
30.0,844,1,9,11,14,32,38,24.0,14300000.0,30/06/2018
30.0,843,15,17,23,25,35,39,3.0,13000000.0,26/06/2018
30.0,842,2,3,12,14,28,39,17.0,12000000.0,23/06/2018
30.0,841,1,8,18,22,26,34,29.0,10800000.0,19/06/2018
30.0,840,8,21,24,30,32,38,28.0,9500000.0,16/06/2018
30.0,839,6,11,18,20,31,35,26.0,8500000.0,12/06/2018
30.0,838,5,6,12,13,15,21,38.0,7400000.0,09/06/2018
30.0,837,4,16,19,29,32,35,11.0,6200000.0,05/06/2018
30.0,836,3,8,13,19,28,32,27.0,5400000.0,02/06/2018
30.0,835,3,12,15,23,32,36,8.0,5300000.0,29/05/2018
30.0,834,7,12,13,16,30,39,22.0,5200000.0,26/05/2018
30.0,833,3,9,25,30,36,39,19.0,5100000.0,22/05/2018
30.0,832,4,12,13,23,24,25,29.0,5000000.0,19/05/2018
30.0,831,6,7,11,27,32,33,34.0,34700000.0,15/05/2018
30.0,830,16,18,26,27,29,38,6.0,33000000.0,12/05/2018
30.0,829,2,11,18,19,27,30,23.0,31500000.0,08/05/2018
30.0,828,1,5,6,24,28,39,16.0,29800000.0,05/05/2018
30.0,827,1,14,18,21,29,39,5.0,28500000.0,01/05/2018
30.0,826,3,7,12,16,17,19,20.0,27000000.0,28/04/2018
30.0,825,3,9,12,15,21,36,33.0,25700000.0,24/04/2018
30.0,824,3,16,18,31,36,38,37.0,24300000.0,21/04/2018
30.0,823,9,16,22,25,30,31,33.0,22900000.0,17/04/2018
30.0,822,2,4,9,19,22,37,26.0,21400000.0,14/04/2018
30.0,821,2,8,28,32,36,39,5.0,20200000.0,10/04/2018
30.0,820,2,3,8,16,20,30,31.0,18600000.0,07/04/2018
30.0,819,6,11,19,26,30,37,22.0,17400000.0,03/04/2018
30.0,818,3,5,23,28,33,34,2.0,16300000.0,31/03/2018
30.0,817,2,6,11,18,27,32,5.0,15200000.0,27/03/2018
30.0,816,14,22,25,26,29,36,3.0,14000000.0,24/03/2018
30.0,815,1,12,14,26,28,30,32.0,12800000.0,20/03/2018
30.0,814,3,13,16,24,29,37,26.0,11600000.0,17/03/2018
30.0,813,1,3,11,16,20,22,29.0,10500000.0,13/03/2018
30.0,812,3,22,25,28,30,36,10.0,9500000.0,10/03/2018
30.0,811,5,7,13,26,30,33,31.0,8500000.0,06/03/2018
30.0,810,10,17,28,34,36,38,26.0,7100000.0,03/03/2018
30.0,809,3,13,17,27,36,37,29.0,6000000.0,27/02/2018
30.0,808,8,12,13,15,24,26,16.0,5400000.0,24/02/2018
30.0,807,12,26,29,33,37,38,5.0,5300000.0,20/02/2018
30.0,806,4,9,24,25,34,38,39.0,5200000.0,17/02/2018
30.0,805,8,9,14,19,27,34,39.0,5100000.0,13/02/2018
30.0,804,5,19,23,28,29,39,35.0,5000000.0,10/02/2018
30.0,803,2,5,21,27,28,36,31.0,5200000.0,06/02/2018
30.0,802,2,4,8,33,34,36,26.0,5100000.0,03/02/2018
30.0,801,10,12,15,19,20,21,29.0,5000000.0,30/01/2018
30.0,800,7,8,12,23,26,29,3.0,9500000.0,27/01/2018
30.0,799,12,18,23,24,28,32,15.0,8500000.0,23/01/2018
30.0,798,9,14,15,26,34,37,23.0,7500000.0,20/01/2018
30.0,797,8,15,23,25,30,36,33.0,6500000.0,16/01/2018
30.0,796,11,13,16,27,36,39,29.0,5400000.0,13/01/2018
30.0,795,2,10,13,35,36,38,17.0,5300000.0,09/01/2018
30.0,794,5,14,20,26,30,37,24.0,5200000.0,06/01/2018
30.0,793,2,6,8,14,19,29,5.0,5100000.0,02/01/2018
30.0,792,5,7,8,9,27,28,16.0,5000000.0,30/12/2017
30.0,791,3,8,20,25,31,34,22.0,35000000.0,26/12/2017
30.0,790,3,4,5,10,17,29,25.0,33000000.0,23/12/2017
30.0,789,2,6,7,11,26,31,18.0,31700000.0,19/12/2017
30.0,788,2,6,15,24,31,36,37.0,30000000.0,16/12/2017
30.0,787,5,12,18,33,34,38,11.0,28600000.0,12/12/2017
30.0,786,9,10,14,20,23,36,5.0,27000000.0,09/12/2017
30.0,785,1,4,5,12,17,36,26.0,25500000.0,05/12/2017
30.0,784,12,15,23,33,37,39,6.0,24000000.0,02/12/2017
30.0,783,4,10,22,27,30,35,19.0,23000000.0,28/11/2017
30.0,782,5,6,20,22,24,26,3.0,21500000.0,25/11/2017
30.0,781,1,7,10,14,22,36,17.0,20500000.0,21/11/2017
30.0,780,3,15,20,24,31,39,10.0,19000000.0,18/11/2017
30.0,779,10,18,19,21,32,39,35.0,18000000.0,14/11/2017
30.0,778,10,16,18,19,23,38,8.0,16500000.0,11/11/2017
30.0,777,7,13,23,24,32,34,12.0,15500000.0,07/11/2017
30.0,776,7,16,21,29,38,39,12.0,14500000.0,04/11/2017
30.0,775,4,11,17,23,30,36,31.0,13500000.0,31/10/2017
30.0,774,2,3,13,15,33,34,19.0,12000000.0,28/10/2017
30.0,773,10,11,15,16,34,38,8.0,11000000.0,24/10/2017
30.0,772,4,19,23,26,30,34,17.0,10000000.0,21/10/2017
30.0,771,5,12,18,23,26,38,3.0,9000000.0,17/10/2017
30.0,770,7,12,20,25,26,29,3.0,8000000.0,14/10/2017
30.0,769,1,4,9,14,16,36,3.0,7000000.0,10/10/2017
30.0,768,16,22,26,32,33,38,31.0,6000000.0,07/10/2017
30.0,767,6,9,13,20,35,37,32.0,5500000.0,03/10/2017
30.0,766,6,21,22,26,27,34,30.0,5400000.0,30/09/2017
30.0,765,9,13,26,28,33,38,7.0,5300000.0,26/09/2017
30.0,764,15,20,21,24,32,33,14.0,5200000.0,23/09/2017
30.0,763,12,21,25,27,29,32,38.0,5100000.0,19/09/2017
30.0,762,4,7,13,23,25,33,21.0,5000000.0,16/09/2017
30.0,761,2,13,19,25,37,38,15.0,5000000.0,12/09/2017
30.0,760,1,4,7,15,23,29,20.0,13000000.0,09/09/2017
30.0,759,1,8,9,11,30,35,34.0,12000000.0,05/09/2017
30.0,758,6,8,10,25,36,39,11.0,10500000.0,02/09/2017
30.0,757,3,10,15,18,36,39,38.0,9500000.0,29/08/2017
30.0,756,1,13,22,31,32,34,10.0,8500000.0,26/08/2017
30.0,755,5,9,12,19,28,33,29.0,7500000.0,22/08/2017
30.0,754,4,6,10,11,16,19,32.0,6500000.0,19/08/2017
30.0,753,2,5,7,16,18,38,33.0,5500000.0,15/08/2017
30.0,752,5,22,26,29,33,34,13.0,5400000.0,12/08/2017
30.0,751,15,23,26,27,33,34,14.0,5300000.0,08/08/2017
30.0,750,14,16,24,32,36,37,2.0,5200000.0,05/08/2017
30.0,749,6,9,11,27,28,38,8.0,5100000.0,01/08/2017
30.0,748,2,3,7,8,11,16,30.0,5000000.0,29/07/2017
30.0,747,4,8,11,22,36,37,10.0,5000000.0,25/07/2017
30.0,746,9,11,19,27,33,37,7.0,11500000.0,22/07/2017
30.0,745,14,15,21,25,36,39,34.0,10500000.0,18/07/2017
30.0,744,2,4,7,10,11,18,20.0,9500000.0,15/07/2017
30.0,743,12,20,23,27,31,39,25.0,8500000.0,11/07/2017
30.0,742,2,6,7,13,16,23,26.0,7500000.0,08/07/2017
30.0,741,2,8,22,30,34,36,39.0,6500000.0,04/07/2017
30.0,740,3,13,15,27,33,39,16.0,5500000.0,01/07/2017
30.0,739,17,20,22,29,31,34,15.0,5400000.0,27/06/2017
30.0,738,2,7,14,16,23,27,35.0,5300000.0,24/06/2017
30.0,737,8,16,20,28,30,34,39.0,5200000.0,20/06/2017
30.0,736,2,4,11,14,25,37,31.0,5100000.0,17/06/2017
30.0,735,5,16,21,30,32,37,13.0,5000000.0,13/06/2017
30.0,734,2,3,13,26,30,31,34.0,5200000.0,10/06/2017
30.0,733,2,5,6,13,28,31,27.0,5100000.0,06/06/2017
30.0,732,4,10,13,23,36,39,7.0,5000000.0,03/06/2017
30.0,731,1,6,28,29,36,38,2.0,23500000.0,30/05/2017
30.0,730,1,17,25,27,28,38,3.0,22500000.0,27/05/2017
30.0,729,9,14,17,18,30,35,19.0,21500000.0,23/05/2017
30.0,728,8,9,16,29,36,37,19.0,20000000.0,20/05/2017
30.0,727,1,4,12,21,31,38,20.0,18500000.0,16/05/2017
30.0,726,11,16,24,33,37,38,4.0,17500000.0,13/05/2017
30.0,725,2,11,17,20,28,34,31.0,16500000.0,09/05/2017
30.0,724,11,16,24,32,34,35,38.0,15000000.0,06/05/2017
30.0,723,2,11,20,25,26,38,22.0,14000000.0,02/05/2017
30.0,722,9,13,16,20,22,34,31.0,13000000.0,29/04/2017
30.0,721,8,17,22,27,31,38,3.0,12000000.0,25/04/2017
30.0,720,2,5,16,18,21,27,35.0,11000000.0,22/04/2017
30.0,719,7,15,28,29,34,37,20.0,10000000.0,18/04/2017
30.0,718,2,4,9,12,19,21,32.0,9000000.0,15/04/2017
30.0,717,22,25,26,29,33,38,5.0,8000000.0,11/04/2017
30.0,716,1,15,25,30,34,36,9.0,7000000.0,08/04/2017
30.0,715,2,11,15,18,19,25,12.0,6000000.0,04/04/2017
30.0,714,15,17,23,24,26,27,2.0,5500000.0,01/04/2017
30.0,713,2,6,11,24,32,35,22.0,5400000.0,28/03/2017
30.0,712,1,6,9,25,32,35,4.0,5300000.0,25/03/2017
30.0,711,6,13,14,18,24,26,5.0,5200000.0,21/03/2017
30.0,710,8,17,23,27,33,38,1.0,5100000.0,18/03/2017
30.0,709,14,21,22,23,25,32,17.0,5000000.0,14/03/2017
30.0,708,5,17,20,21,28,32,3.0,30500000.0,11/03/2017
30.0,707,9,18,21,23,24,38,31.0,29000000.0,07/03/2017
30.0,706,4,26,32,34,38,39,7.0,27500000.0,04/03/2017
30.0,705,2,7,8,16,32,38,21.0,26500000.0,28/02/2017
30.0,704,6,13,20,27,28,35,15.0,25000000.0,25/02/2017
30.0,703,1,8,9,13,36,37,22.0,24000000.0,21/02/2017
30.0,702,2,8,12,22,23,30,11.0,23000000.0,18/02/2017
30.0,701,11,24,26,27,35,38,23.0,21500000.0,14/02/2017
30.0,700,2,5,8,18,25,31,22.0,20500000.0,11/02/2017
30.0,699,5,6,20,26,28,37,35.0,19500000.0,07/02/2017
30.0,698,5,9,20,33,34,39,18.0,18000000.0,04/02/2017
30.0,697,3,4,11,36,38,39,5.0,17000000.0,31/01/2017
30.0,696,4,5,22,23,24,36,30.0,16000000.0,28/01/2017
30.0,695,6,13,15,28,31,34,17.0,15000000.0,24/01/2017
30.0,694,8,11,15,20,36,37,31.0,14000000.0,21/01/2017
30.0,693,16,18,22,25,32,37,30.0,12500000.0,17/01/2017
30.0,692,3,15,26,27,35,37,30.0,11500000.0,14/01/2017
30.0,691,1,2,6,13,29,32,36.0,10500000.0,10/01/2017
30.0,690,16,17,18,23,30,34,4.0,9500000.0,07/01/2017
30.0,689,11,18,22,28,30,38,9.0,8500000.0,03/01/2017
30.0,688,1,3,10,11,29,39,26.0,7500000.0,31/12/2016
30.0,687,21,22,26,30,35,36,16.0,6000000.0,27/12/2016
30.0,686,2,10,24,30,38,39,7.0,5500000.0,24/12/2016
30.0,685,7,22,24,25,28,29,2.0,5400000.0,20/12/2016
30.0,684,2,6,15,20,22,30,23.0,5300000.0,17/12/2016
30.0,683,8,12,19,30,31,39,25.0,5200000.0,13/12/2016
30.0,682,7,13,17,23,28,31,30.0,5100000.0,10/12/2016
30.0,681,8,15,23,24,25,32,34.0,5000000.0,06/12/2016
30.0,680,1,7,14,17,33,35,34.0,17500000.0,03/12/2016
30.0,679,4,6,9,16,35,36,38.0,16000000.0,29/11/2016
30.0,678,1,12,13,26,38,39,20.0,15000000.0,26/11/2016
30.0,677,1,4,6,12,16,20,37.0,14000000.0,22/11/2016
30.0,676,1,7,10,11,18,19,28.0,13000000.0,19/11/2016
30.0,675,1,13,15,26,32,39,10.0,12000000.0,15/11/2016
30.0,674,7,23,31,35,37,39,20.0,11000000.0,12/11/2016
30.0,673,18,24,28,29,34,38,14.0,10000000.0,08/11/2016
30.0,672,1,11,12,22,33,34,27.0,9000000.0,05/11/2016
30.0,671,7,10,12,27,32,39,15.0,8000000.0,01/11/2016
30.0,670,9,10,19,21,28,33,3.0,7000000.0,29/10/2016
30.0,669,5,11,16,20,30,34,27.0,6000000.0,25/10/2016
30.0,668,2,18,19,26,28,31,15.0,5500000.0,22/10/2016
30.0,667,4,8,15,21,26,32,37.0,5400000.0,18/10/2016
30.0,666,13,17,20,25,35,38,10.0,5300000.0,15/10/2016
30.0,665,4,6,21,25,34,36,9.0,5200000.0,11/10/2016
30.0,664,4,5,7,14,21,26,8.0,5100000.0,08/10/2016
30.0,663,8,19,20,25,26,39,36.0,5000000.0,04/10/2016
30.0,662,3,8,11,16,18,34,15.0,5400000.0,01/10/2016
30.0,661,12,13,16,20,21,22,33.0,5300000.0,27/09/2016
30.0,660,4,8,18,25,27,28,14.0,5200000.0,24/09/2016
30.0,659,6,13,21,27,32,36,29.0,5100000.0,20/09/2016
30.0,658,4,14,16,18,27,36,30.0,5000000.0,17/09/2016
30.0,657,7,11,17,31,34,38,5.0,20000000.0,13/09/2016
30.0,656,5,6,7,18,36,39,14.0,18500000.0,10/09/2016
30.0,655,7,15,19,26,36,38,14.0,17500000.0,06/09/2016
30.0,654,2,23,27,28,36,37,5.0,16000000.0,03/09/2016
30.0,653,11,16,26,27,35,36,8.0,15000000.0,30/08/2016
30.0,652,3,7,10,17,28,37,22.0,14000000.0,27/08/2016
30.0,651,3,24,25,27,34,35,22.0,13000000.0,23/08/2016
30.0,650,1,4,10,25,30,33,8.0,12000000.0,20/08/2016
30.0,649,13,15,29,31,32,36,23.0,11000000.0,16/08/2016
30.0,648,4,12,21,30,33,36,10.0,10000000.0,13/08/2016
30.0,647,1,10,26,29,33,38,20.0,9000000.0,09/08/2016
30.0,646,10,12,13,18,27,36,8.0,8000000.0,06/08/2016
30.0,645,1,15,17,29,30,35,20.0,7000000.0,02/08/2016
30.0,644,2,5,11,16,27,32,10.0,6000000.0,30/07/2016
30.0,643,11,14,16,28,38,39,37.0,5500000.0,26/07/2016
30.0,642,13,18,21,31,33,36,25.0,5400000.0,23/07/2016
30.0,641,11,24,25,27,30,34,36.0,5300000.0,19/07/2016
30.0,640,4,14,17,22,26,29,30.0,5200000.0,16/07/2016
30.0,639,6,7,11,27,37,39,12.0,5100000.0,12/07/2016
30.0,638,2,6,14,21,31,35,32.0,5000000.0,09/07/2016
30.0,637,3,4,8,26,29,33,2.0,26000000.0,05/07/2016
30.0,636,1,7,8,10,22,33,28.0,24500000.0,02/07/2016
30.0,635,5,8,11,14,17,28,26.0,23500000.0,28/06/2016
30.0,634,10,15,22,27,31,32,17.0,22000000.0,25/06/2016
30.0,633,3,8,12,29,32,33,5.0,21000000.0,21/06/2016
30.0,632,3,4,22,24,29,32,23.0,20000000.0,18/06/2016
30.0,631,2,5,7,15,19,23,28.0,19000000.0,14/06/2016
30.0,630,8,9,13,14,21,30,29.0,18000000.0,11/06/2016
30.0,629,7,8,18,19,23,31,2.0,17000000.0,07/06/2016
30.0,628,4,15,16,21,23,26,6.0,15900000.0,04/06/2016
30.0,627,13,16,24,28,37,39,5.0,15000000.0,31/05/2016
30.0,626,2,4,8,20,27,31,30.0,14000000.0,28/05/2016
30.0,625,5,9,14,18,20,25,1.0,13000000.0,24/05/2016
30.0,624,4,28,29,33,34,38,15.0,12000000.0,21/05/2016
30.0,623,10,11,15,16,32,35,30.0,11000000.0,17/05/2016
30.0,622,4,22,23,31,32,38,36.0,10000000.0,14/05/2016
30.0,621,7,11,14,16,17,23,22.0,9000000.0,10/05/2016
30.0,620,4,6,14,26,36,37,30.0,8000000.0,07/05/2016
30.0,619,1,13,15,26,29,34,24.0,7000000.0,03/05/2016
30.0,618,3,6,12,20,23,37,19.0,6000000.0,30/04/2016
30.0,617,4,5,6,13,31,32,30.0,5500000.0,26/04/2016
30.0,616,1,2,5,13,18,20,30.0,5400000.0,23/04/2016
30.0,615,5,8,14,22,26,28,12.0,5300000.0,19/04/2016
30.0,614,7,12,13,14,21,29,8.0,5200000.0,16/04/2016
30.0,613,3,4,19,27,36,37,34.0,5100000.0,12/04/2016
30.0,612,1,8,18,20,22,37,3.0,5000000.0,09/04/2016
30.0,611,23,26,28,31,32,36,24.0,14000000.0,05/04/2016
30.0,610,4,8,9,12,21,24,7.0,13000000.0,02/04/2016
30.0,609,9,21,24,28,31,36,33.0,12000000.0,29/03/2016
30.0,608,8,10,12,21,22,31,15.0,11000000.0,26/03/2016
30.0,607,9,21,28,30,31,38,34.0,10000000.0,22/03/2016
30.0,606,1,15,23,26,29,30,10.0,9000000.0,19/03/2016
30.0,605,12,15,21,22,35,36,10.0,8000000.0,15/03/2016
30.0,604,6,20,24,35,36,37,15.0,7400000.0,12/03/2016
30.0,603,6,7,9,22,28,35,5.0,6600000.0,08/03/2016
30.0,602,10,12,16,28,32,38,20.0,5700000.0,05/03/2016
30.0,601,8,24,25,26,30,32,35.0,5600000.0,01/03/2016
30.0,600,2,3,9,29,30,38,14.0,5500000.0,27/02/2016
30.0,599,7,15,22,27,37,39,21.0,5400000.0,23/02/2016
30.0,598,5,7,13,27,28,30,4.0,5200000.0,20/02/2016
30.0,597,3,4,8,12,27,38,24.0,5000000.0,16/02/2016
30.0,596,2,3,15,27,30,35,33.0,7000000.0,13/02/2016
30.0,595,2,5,15,18,21,22,6.0,6500000.0,09/02/2016
30.0,594,4,6,11,18,19,22,12.0,6000000.0,06/02/2016
30.0,593,14,19,21,25,34,35,28.0,5500000.0,02/02/2016
30.0,592,2,3,7,22,25,30,6.0,5000000.0,30/01/2016
30.0,591,6,17,20,24,26,28,3.0,20500000.0,26/01/2016
30.0,590,1,10,19,24,32,35,36.0,19000000.0,23/01/2016
30.0,589,10,12,20,23,31,36,15.0,18000000.0,19/01/2016
30.0,588,11,13,27,29,30,31,34.0,16500000.0,16/01/2016
30.0,587,2,10,13,26,35,39,7.0,15500000.0,12/01/2016
30.0,586,7,17,28,34,37,39,6.0,14500000.0,09/01/2016
30.0,585,5,6,13,31,33,39,11.0,13500000.0,05/01/2016
30.0,584,8,10,19,29,37,39,31.0,12000000.0,02/01/2016
30.0,583,1,6,8,10,27,34,29.0,11000000.0,29/12/2015
30.0,582,7,11,15,18,34,35,6.0,10000000.0,26/12/2015
30.0,581,9,11,22,29,31,33,32.0,9000000.0,22/12/2015
30.0,580,5,18,19,20,27,35,33.0,8500000.0,19/12/2015
30.0,579,11,14,15,19,27,35,17.0,8000000.0,15/12/2015
30.0,578,2,4,15,22,25,38,30.0,7500000.0,12/12/2015
30.0,577,15,17,23,28,30,35,22.0,7000000.0,08/12/2015
30.0,576,1,4,17,19,30,35,22.0,6500000.0,05/12/2015
30.0,575,4,5,10,19,22,37,2.0,6000000.0,01/12/2015
30.0,574,6,22,24,25,26,28,12.0,5500000.0,28/11/2015
30.0,573,6,18,19,20,25,36,26.0,5000000.0,24/11/2015
30.0,572,2,11,14,16,29,32,7.0,44500000.0,21/11/2015
30.0,571,6,11,16,20,22,31,35.0,43000000.0,17/11/2015
30.0,570,4,6,12,24,37,38,27.0,42000000.0,14/11/2015
30.0,569,5,8,10,11,12,39,3.0,40500000.0,10/11/2015
30.0,568,11,20,25,26,31,35,27.0,39000000.0,07/11/2015
30.0,567,1,7,10,15,19,39,28.0,38000000.0,03/11/2015
30.0,566,2,6,22,25,26,33,7.0,36500000.0,31/10/2015
30.0,565,1,3,12,16,20,22,8.0,35500000.0,27/10/2015
30.0,564,2,4,17,20,24,33,8.0,34500000.0,24/10/2015
30.0,563,5,12,21,23,34,38,9.0,33000000.0,20/10/2015
30.0,562,9,13,24,25,29,38,30.0,32000000.0,17/10/2015
30.0,561,1,11,24,26,32,33,12.0,31000000.0,13/10/2015
30.0,560,6,10,14,15,29,33,17.0,29500000.0,10/10/2015
30.0,559,27,30,32,35,36,38,15.0,28500000.0,06/10/2015
30.0,558,7,14,16,25,31,38,4.0,27000000.0,03/10/2015
30.0,557,1,3,16,26,33,34,8.0,26000000.0,29/09/2015
30.0,556,8,19,21,29,33,39,20.0,25000000.0,26/09/2015
30.0,555,1,9,20,27,32,36,30.0,24000000.0,22/09/2015
30.0,554,1,14,21,24,29,32,3.0,22500000.0,19/09/2015
30.0,553,2,3,8,9,12,37,33.0,21500000.0,15/09/2015
30.0,552,10,12,16,22,31,34,24.0,20500000.0,12/09/2015
30.0,551,7,10,11,13,23,26,25.0,19500000.0,08/09/2015
30.0,550,10,13,19,21,24,25,1.0,18500000.0,05/09/2015
30.0,549,10,14,16,22,27,28,31.0,17500000.0,01/09/2015
30.0,548,10,15,24,31,36,38,12.0,16500000.0,29/08/2015
30.0,547,1,3,12,19,30,35,37.0,15500000.0,25/08/2015
30.0,546,4,8,10,17,18,36,39.0,14500000.0,22/08/2015
30.0,545,7,20,25,26,36,37,6.0,13500000.0,18/08/2015
30.0,544,2,4,5,20,22,26,38.0,12500000.0,15/08/2015
30.0,543,9,10,16,17,18,34,15.0,11500000.0,11/08/2015
30.0,542,1,12,17,22,30,31,4.0,11000000.0,08/08/2015
30.0,541,12,19,22,24,28,38,4.0,10000000.0,04/08/2015
30.0,540,4,5,32,34,37,38,2.0,8500000.0,01/08/2015
30.0,539,12,20,24,28,38,39,18.0,7500000.0,28/07/2015
30.0,538,4,19,27,28,36,38,9.0,6500000.0,25/07/2015
30.0,537,7,10,23,27,31,39,16.0,6000000.0,21/07/2015
30.0,536,11,14,19,23,31,37,8.0,5500000.0,18/07/2015
30.0,535,5,15,20,21,24,31,12.0,5400000.0,14/07/2015
30.0,534,14,15,20,23,26,38,34.0,5300000.0,11/07/2015
30.0,533,5,8,17,21,26,34,10.0,5200000.0,07/07/2015
30.0,532,9,15,23,24,31,35,3.0,5100000.0,04/07/2015
30.0,531,8,9,15,19,29,39,14.0,5000000.0,30/06/2015
30.0,530,3,10,13,20,33,38,35.0,41000000.0,27/06/2015
30.0,529,10,22,23,25,33,39,20.0,39000000.0,23/06/2015
30.0,528,18,20,23,24,26,35,16.0,38000000.0,20/06/2015
30.0,527,10,25,26,30,36,38,19.0,37000000.0,16/06/2015
30.0,526,8,14,17,28,29,31,7.0,36000000.0,13/06/2015
30.0,525,4,20,22,28,31,34,7.0,34500000.0,09/06/2015
30.0,524,6,12,18,24,25,31,37.0,33000000.0,06/06/2015
30.0,523,6,14,18,32,34,36,22.0,32000000.0,02/06/2015
30.0,522,3,4,7,9,10,32,24.0,30500000.0,30/05/2015
30.0,521,7,17,20,32,34,39,22.0,29500000.0,26/05/2015
30.0,520,4,9,11,12,17,26,29.0,28500000.0,23/05/2015
30.0,519,2,15,17,31,34,38,35.0,27000000.0,19/05/2015
30.0,518,6,12,16,18,33,36,5.0,26000000.0,16/05/2015
30.0,517,2,5,16,21,25,31,28.0,25000000.0,12/05/2015
30.0,516,5,17,20,26,27,33,38.0,24000000.0,09/05/2015
30.0,515,3,7,9,25,29,32,33.0,23000000.0,05/05/2015
30.0,514,9,11,20,27,31,32,37.0,21500000.0,02/05/2015
30.0,513,4,19,26,28,34,36,8.0,20500000.0,28/04/2015
30.0,512,6,10,13,14,34,36,29.0,19500000.0,25/04/2015
30.0,511,1,24,25,29,37,38,5.0,18500000.0,21/04/2015
30.0,510,9,15,18,26,32,34,33.0,17500000.0,18/04/2015
30.0,509,5,6,11,12,22,26,31.0,16500000.0,14/04/2015
30.0,508,4,12,14,16,26,39,3.0,15500000.0,11/04/2015
30.0,507,4,5,27,29,33,36,11.0,14600000.0,07/04/2015
30.0,506,8,11,15,24,33,39,32.0,14000000.0,04/04/2015
30.0,505,3,7,15,16,32,38,5.0,13000000.0,31/03/2015
30.0,504,4,5,10,14,31,39,34.0,12000000.0,28/03/2015
30.0,503,16,21,22,25,32,33,36.0,11000000.0,24/03/2015
30.0,502,10,13,15,23,24,27,11.0,10200000.0,21/03/2015
30.0,501,2,19,23,32,35,39,29.0,9400000.0,17/03/2015
30.0,500,5,10,20,22,30,34,26.0,8300000.0,14/03/2015
30.0,499,3,14,17,21,23,35,29.0,7500000.0,10/03/2015
30.0,498,1,3,5,24,34,37,30.0,6700000.0,07/03/2015
30.0,497,7,8,21,28,32,38,14.0,6200000.0,03/03/2015
30.0,496,1,13,18,22,24,39,35.0,6100000.0,28/02/2015
30.0,495,4,7,8,9,11,26,37.0,6000000.0,24/02/2015
30.0,494,1,5,7,25,26,38,33.0,5900000.0,21/02/2015
30.0,493,14,18,25,26,29,39,9.0,5600000.0,17/02/2015
30.0,492,4,5,9,22,33,39,17.0,5300000.0,14/02/2015
30.0,491,1,8,9,14,23,26,31.0,5000000.0,10/02/2015
30.0,490,1,2,20,23,27,29,33.0,32000000.0,07/02/2015
30.0,489,4,9,10,35,38,39,8.0,31000000.0,03/02/2015
30.0,488,3,9,13,29,32,36,6.0,29500000.0,31/01/2015
30.0,487,10,14,18,27,33,35,26.0,28000000.0,27/01/2015
30.0,486,1,4,13,26,29,32,12.0,25000000.0,24/01/2015
30.0,485,6,15,20,24,26,39,37.0,22000000.0,20/01/2015
30.0,484,10,22,26,28,32,33,30.0,18500000.0,17/01/2015
30.0,483,2,10,11,19,33,35,8.0,17000000.0,13/01/2015
30.0,482,9,15,19,24,30,34,31.0,15500000.0,10/01/2015
30.0,481,1,2,12,13,17,24,14.0,13600000.0,06/01/2015
30.0,480,1,13,17,22,25,31,23.0,13300000.0,03/01/2015
30.0,479,10,11,21,31,34,38,24.0,13000000.0,30/12/2014
30.0,478,9,13,14,34,36,38,19.0,12700000.0,27/12/2014
30.0,477,8,12,14,28,34,35,6.0,12400000.0,23/12/2014
30.0,476,2,11,16,17,32,37,13.0,12100000.0,20/12/2014
30.0,475,6,11,20,25,31,39,13.0,11800000.0,16/12/2014
30.0,474,10,15,16,22,26,33,27.0,11500000.0,13/12/2014
30.0,473,10,11,16,17,19,26,14.0,11200000.0,09/12/2014
30.0,472,2,3,8,12,30,33,27.0,10900000.0,06/12/2014
30.0,471,1,4,5,17,24,34,6.0,10600000.0,02/12/2014
30.0,470,7,8,10,20,21,25,6.0,10300000.0,29/11/2014
30.0,469,2,6,11,12,17,21,4.0,10000000.0,25/11/2014
30.0,468,3,4,12,14,19,20,34.0,9700000.0,22/11/2014
30.0,467,4,14,15,21,24,31,9.0,9400000.0,18/11/2014
30.0,466,1,8,16,17,20,30,13.0,9100000.0,15/11/2014
30.0,465,10,21,23,32,34,39,29.0,8800000.0,11/11/2014
30.0,464,11,24,25,27,32,34,23.0,8500000.0,08/11/2014
30.0,463,1,3,7,12,18,37,21.0,8200000.0,04/11/2014
30.0,462,2,5,7,9,19,35,34.0,7900000.0,01/11/2014
30.0,461,2,10,29,31,36,37,38.0,7600000.0,28/10/2014
30.0,460,4,13,22,24,33,39,27.0,7300000.0,25/10/2014
30.0,459,10,29,30,32,33,34,38.0,7000000.0,21/10/2014
30.0,458,9,16,19,21,33,38,30.0,6750000.0,18/10/2014
30.0,457,8,10,11,20,22,37,14.0,6500000.0,14/10/2014
30.0,456,4,5,8,9,21,29,31.0,5000000.0,11/10/2014
30.0,455,1,11,12,29,33,37,32.0,5500000.0,07/10/2014
30.0,454,6,8,13,14,15,20,12.0,5000000.0,04/10/2014
30.0,453,6,17,28,30,36,38,33.0,9500000.0,30/09/2014
30.0,452,6,12,24,25,33,39,26.0,9000000.0,27/09/2014
30.0,451,5,7,14,19,21,24,33.0,8500000.0,23/09/2014
30.0,450,12,19,22,24,35,38,36.0,8000000.0,20/09/2014
30.0,449,11,12,14,22,26,36,4.0,7500000.0,16/09/2014
30.0,448,3,10,13,24,31,33,26.0,7000000.0,13/09/2014
30.0,447,9,10,19,24,25,33,12.0,6500000.0,09/09/2014
30.0,446,1,11,19,23,24,27,20.0,6000000.0,06/09/2014
30.0,445,5,11,13,16,18,26,37.0,5500000.0,02/09/2014
30.0,444,24,25,26,28,31,38,10.0,5000000.0,30/08/2014
30.0,443,4,8,9,25,34,36,24.0,9500000.0,26/08/2014
30.0,442,4,5,17,22,25,34,36.0,9000000.0,23/08/2014
30.0,441,1,2,10,17,22,38,8.0,8500000.0,19/08/2014
30.0,440,21,29,31,34,36,39,38.0,8000000.0,16/08/2014
30.0,439,1,6,23,25,30,34,2.0,7500000.0,12/08/2014
30.0,438,11,14,21,24,25,32,6.0,7000000.0,09/08/2014
30.0,437,9,15,19,20,26,34,22.0,6500000.0,05/08/2014
30.0,436,6,8,10,13,16,21,15.0,6000000.0,02/08/2014
30.0,435,7,12,20,22,25,34,30.0,5500000.0,29/07/2014
30.0,434,3,4,18,19,20,25,36.0,5000000.0,26/07/2014
30.0,433,22,23,30,32,35,37,2.0,7500000.0,22/07/2014
30.0,432,4,9,18,26,27,39,10.0,7000000.0,19/07/2014
30.0,431,2,9,13,17,26,27,28.0,6500000.0,15/07/2014
30.0,430,2,4,7,19,27,35,13.0,6000000.0,12/07/2014
30.0,429,1,13,16,17,31,34,8.0,5500000.0,08/07/2014
30.0,428,14,17,19,24,28,33,9.0,5000000.0,05/07/2014
30.0,427,4,6,13,19,25,36,17.0,11500000.0,01/07/2014
30.0,426,1,17,20,26,38,39,37.0,11000000.0,28/06/2014
30.0,425,1,12,15,18,23,27,16.0,10500000.0,24/06/2014
30.0,424,1,3,4,12,19,32,16.0,10000000.0,21/06/2014
30.0,423,11,14,20,21,30,33,28.0,9500000.0,17/06/2014
30.0,422,8,13,25,34,36,37,27.0,9000000.0,14/06/2014
30.0,421,8,18,24,27,28,30,23.0,8500000.0,10/06/2014
30.0,420,4,7,17,18,25,32,5.0,8000000.0,07/06/2014
30.0,419,9,22,31,33,37,39,3.0,7500000.0,03/06/2014
30.0,418,7,12,14,21,25,26,29.0,7000000.0,31/05/2014
30.0,417,5,6,12,16,19,28,27.0,6500000.0,27/05/2014
30.0,416,6,16,17,25,29,34,27.0,6000000.0,24/05/2014
30.0,415,4,5,6,12,17,25,21.0,5500000.0,20/05/2014
30.0,414,1,4,14,16,20,23,38.0,5000000.0,17/05/2014
30.0,413,8,22,25,27,32,36,34.0,8000000.0,13/05/2014
30.0,412,4,7,15,19,21,29,12.0,7500000.0,10/05/2014
30.0,411,2,12,20,35,36,39,38.0,7000000.0,06/05/2014
30.0,410,1,15,16,23,29,37,4.0,6500000.0,03/05/2014
30.0,409,8,14,33,34,38,39,22.0,6000000.0,29/04/2014
30.0,408,3,16,23,25,31,38,37.0,5500000.0,26/04/2014
30.0,407,8,10,14,18,32,33,17.0,5000000.0,22/04/2014
30.0,406,3,14,22,27,35,39,38.0,5000000.0,19/04/2014
30.0,405,6,13,15,16,19,38,4.0,13500000.0,15/04/2014
30.0,404,8,14,22,32,38,39,13.0,12500000.0,12/04/2014
30.0,403,7,13,16,24,37,39,28.0,12000000.0,08/04/2014
30.0,402,1,10,26,35,37,39,17.0,11000000.0,05/04/2014
30.0,401,7,10,15,24,26,31,38.0,10500000.0,01/04/2014
30.0,400,10,11,12,22,26,30,15.0,10000000.0,29/03/2014
30.0,399,3,7,8,19,20,31,38.0,9500000.0,25/03/2014
30.0,398,7,9,12,15,22,31,30.0,9000000.0,22/03/2014
30.0,397,11,21,26,27,33,34,38.0,8500000.0,18/03/2014
30.0,396,12,17,23,25,33,36,38.0,8000000.0,15/03/2014
30.0,395,7,13,18,30,36,37,10.0,7500000.0,11/03/2014
30.0,394,5,9,18,23,32,37,1.0,7000000.0,08/03/2014
30.0,393,8,10,23,26,33,38,25.0,6500000.0,04/03/2014
30.0,392,5,11,14,15,18,32,2.0,6000000.0,01/03/2014
30.0,391,1,3,9,11,20,32,17.0,5500000.0,25/02/2014
30.0,390,5,18,23,34,37,38,29.0,5000000.0,22/02/2014
30.0,389,18,24,28,31,34,37,7.0,5000000.0,18/02/2014
30.0,388,7,9,10,26,31,37,33.0,22000000.0,15/02/2014
30.0,387,3,6,10,16,31,37,19.0,21000000.0,11/02/2014
30.0,386,3,14,17,19,31,35,27.0,20000000.0,08/02/2014
30.0,385,19,20,22,24,27,35,7.0,19000000.0,04/02/2014
30.0,384,13,25,28,31,34,36,15.0,18000000.0,01/02/2014
30.0,383,3,8,12,22,28,39,16.0,17000000.0,28/01/2014
30.0,382,1,2,13,20,31,38,11.0,16000000.0,25/01/2014
30.0,381,4,5,13,21,38,39,19.0,15000000.0,21/01/2014
30.0,380,4,6,16,26,30,34,22.0,14000000.0,18/01/2014
30.0,379,4,7,14,32,37,38,16.0,13000000.0,14/01/2014
30.0,378,7,10,12,26,32,36,17.0,12000000.0,11/01/2014
30.0,377,3,15,18,24,27,36,23.0,11000000.0,07/01/2014
30.0,376,4,11,16,25,29,39,30.0,10500000.0,04/01/2014
30.0,375,2,12,13,18,21,34,19.0,10000000.0,31/12/2013
30.0,374,12,15,18,20,21,28,29.0,9500000.0,28/12/2013
30.0,373,1,2,12,18,21,25,26.0,9000000.0,24/12/2013
30.0,372,2,4,16,25,33,38,28.0,8500000.0,21/12/2013
30.0,371,11,17,18,28,31,36,33.0,8000000.0,17/12/2013
30.0,370,10,16,22,35,36,38,27.0,7500000.0,14/12/2013
30.0,369,1,8,20,21,27,36,12.0,7000000.0,10/12/2013
30.0,368,10,14,18,22,27,33,13.0,6500000.0,07/12/2013
30.0,367,14,16,17,25,26,38,15.0,6000000.0,03/12/2013
30.0,366,16,17,25,28,36,39,38.0,5500000.0,30/11/2013
30.0,365,14,18,21,29,34,38,33.0,5000000.0,26/11/2013
30.0,364,8,13,19,21,23,31,17.0,6000000.0,23/11/2013
30.0,363,6,10,11,17,23,34,37.0,5500000.0,19/11/2013
30.0,362,3,6,8,18,26,30,35.0,5000000.0,16/11/2013
30.0,361,8,20,27,29,32,39,5.0,8500000.0,12/11/2013
30.0,360,1,22,25,26,27,32,23.0,8000000.0,09/11/2013
30.0,359,5,13,17,18,32,35,8.0,7500000.0,05/11/2013
30.0,358,6,9,13,14,20,37,38.0,7000000.0,02/11/2013
30.0,357,1,12,16,21,28,39,24.0,6500000.0,29/10/2013
30.0,356,1,4,10,11,21,29,2.0,6000000.0,26/10/2013
30.0,355,1,2,6,8,23,31,39.0,5500000.0,22/10/2013
30.0,354,1,13,25,32,34,35,19.0,5000000.0,19/10/2013
30.0,353,7,20,23,24,28,33,12.0,9500000.0,15/10/2013
30.0,352,20,21,22,24,31,38,33.0,9000000.0,12/10/2013
30.0,351,11,14,27,29,32,33,13.0,8500000.0,08/10/2013
30.0,350,11,12,13,31,34,39,21.0,8000000.0,05/10/2013
30.0,349,3,6,8,17,33,38,16.0,7500000.0,01/10/2013
30.0,348,5,14,16,28,33,39,27.0,7000000.0,28/09/2013
30.0,347,3,10,21,23,25,28,22.0,6500000.0,24/09/2013
30.0,346,4,6,13,16,32,35,33.0,6000000.0,21/09/2013
30.0,345,1,3,22,29,33,34,25.0,5500000.0,17/09/2013
30.0,344,4,12,18,27,31,34,2.0,5000000.0,14/09/2013
30.0,343,9,21,24,33,36,37,18.0,17500000.0,10/09/2013
30.0,342,4,5,10,24,26,37,9.0,17000000.0,07/09/2013
30.0,341,12,13,15,20,26,38,1.0,16000000.0,03/09/2013
30.0,340,2,22,23,24,31,39,27.0,15000000.0,31/08/2013
30.0,339,5,18,24,25,35,38,4.0,14000000.0,27/08/2013
30.0,338,1,11,13,17,21,27,29.0,13000000.0,24/08/2013
30.0,337,6,12,21,24,25,36,20.0,12000000.0,20/08/2013
30.0,336,3,7,12,18,34,35,30.0,11500000.0,17/08/2013
30.0,335,8,11,17,31,36,38,37.0,11000000.0,13/08/2013
30.0,334,2,6,9,20,21,25,35.0,10500000.0,10/08/2013
30.0,333,4,8,15,19,33,35,9.0,10000000.0,06/08/2013
30.0,332,2,4,17,31,37,38,11.0,9500000.0,03/08/2013
30.0,331,11,13,23,32,37,39,9.0,9000000.0,30/07/2013
30.0,330,7,9,16,19,30,37,14.0,8500000.0,27/07/2013
30.0,329,1,2,10,14,19,32,8.0,8000000.0,23/07/2013
30.0,328,20,22,25,29,31,32,8.0,7500000.0,20/07/2013
30.0,327,3,7,14,17,24,25,37.0,7000000.0,16/07/2013
30.0,326,6,7,22,25,27,31,38.0,6500000.0,13/07/2013
30.0,325,5,11,20,25,26,29,14.0,6000000.0,09/07/2013
30.0,324,10,13,24,26,27,31,1.0,5500000.0,06/07/2013
30.0,323,1,7,12,24,27,29,25.0,5000000.0,02/07/2013
30.0,322,1,4,13,21,29,36,30.0,7500000.0,29/06/2013
30.0,321,9,13,18,29,35,39,34.0,7000000.0,25/06/2013
30.0,320,4,5,19,25,36,39,9.0,6500000.0,22/06/2013
30.0,319,1,7,25,31,32,37,24.0,6000000.0,18/06/2013
30.0,318,2,23,27,28,29,30,18.0,5500000.0,15/06/2013
30.0,317,4,7,19,22,30,36,33.0,5000000.0,11/06/2013
30.0,316,18,24,27,32,35,39,38.0,7000000.0,08/06/2013
30.0,315,13,21,25,29,32,37,3.0,6500000.0,04/06/2013
30.0,314,1,13,20,23,31,35,10.0,6000000.0,01/06/2013
30.0,313,6,15,25,29,37,39,13.0,5500000.0,28/05/2013
30.0,312,1,15,18,19,21,27,36.0,5000000.0,25/05/2013
30.0,311,5,12,24,27,28,35,26.0,8000000.0,21/05/2013
30.0,310,7,10,11,14,16,32,13.0,7500000.0,18/05/2013
30.0,309,3,5,8,14,17,33,18.0,7000000.0,14/05/2013
30.0,308,6,11,18,24,31,34,33.0,6500000.0,11/05/2013
30.0,307,4,7,14,21,34,37,26.0,6000000.0,07/05/2013
30.0,306,2,10,19,26,37,39,4.0,5500000.0,04/05/2013
30.0,305,2,11,13,20,24,35,10.0,5000000.0,30/04/2013
30.0,304,1,11,12,21,23,36,14.0,10000000.0,27/04/2013
30.0,303,3,14,16,35,37,39,30.0,9500000.0,23/04/2013
30.0,302,2,4,8,14,23,38,11.0,9000000.0,20/04/2013
30.0,301,5,11,22,23,31,35,7.0,8500000.0,16/04/2013
30.0,300,3,17,24,26,30,34,20.0,8000000.0,13/04/2013
30.0,299,17,18,25,31,34,35,16.0,7500000.0,09/04/2013
30.0,298,5,15,16,30,31,38,20.0,7000000.0,06/04/2013
30.0,297,2,22,27,29,31,37,13.0,6500000.0,02/04/2013
30.0,296,1,2,24,31,32,33,20.0,6000000.0,30/03/2013
30.0,295,11,15,18,26,28,38,6.0,5500000.0,26/03/2013
30.0,294,13,18,25,27,28,30,12.0,5000000.0,23/03/2013
30.0,293,2,3,12,21,29,39,23.0,21000000.0,19/03/2013
30.0,292,8,13,21,23,24,28,12.0,20000000.0,16/03/2013
30.0,291,10,14,20,27,28,32,22.0,19000000.0,12/03/2013
30.0,290,2,14,28,29,30,37,7.0,18000000.0,09/03/2013
30.0,289,1,15,19,24,32,38,28.0,17000000.0,05/03/2013
30.0,288,6,9,16,21,31,34,3.0,16000000.0,02/03/2013
30.0,287,1,4,16,22,32,33,7.0,15000000.0,26/02/2013
30.0,286,6,7,8,10,16,27,29.0,14000000.0,23/02/2013
30.0,285,2,7,15,17,25,37,29.0,13000000.0,19/02/2013
30.0,284,1,2,3,13,18,19,15.0,12000000.0,16/02/2013
30.0,283,1,3,25,29,35,37,7.0,11000000.0,12/02/2013
30.0,282,8,16,17,21,26,37,23.0,10500000.0,09/02/2013
30.0,281,14,15,19,21,24,35,31.0,10000000.0,05/02/2013
30.0,280,2,6,9,17,30,36,25.0,9500000.0,02/02/2013
30.0,279,3,15,21,25,26,32,22.0,9000000.0,29/01/2013
30.0,278,11,18,33,34,35,36,2.0,8500000.0,26/01/2013
30.0,277,8,11,19,22,34,37,25.0,8000000.0,22/01/2013
30.0,276,4,14,15,26,33,39,6.0,7500000.0,19/01/2013
30.0,275,3,17,30,31,37,38,35.0,7000000.0,15/01/2013
30.0,274,10,19,25,28,32,39,3.0,6500000.0,12/01/2013
30.0,273,5,10,17,24,27,37,19.0,6000000.0,08/01/2013
30.0,272,1,5,19,26,31,34,13.0,5500000.0,05/01/2013
30.0,271,5,7,8,12,23,36,14.0,5000000.0,01/01/2013
30.0,270,5,12,15,18,32,37,25.0,25000000.0,29/12/2012
30.0,269,4,8,14,15,29,37,2.0,24500000.0,25/12/2012
30.0,268,1,2,10,23,28,37,19.0,23500000.0,22/12/2012
30.0,267,7,9,23,24,28,29,33.0,22500000.0,18/12/2012
30.0,266,4,6,13,25,33,36,16.0,21500000.0,15/12/2012
30.0,265,5,6,13,14,29,32,2.0,20500000.0,11/12/2012
30.0,264,7,14,15,20,35,37,12.0,19500000.0,08/12/2012
30.0,263,6,9,30,35,38,39,8.0,18500000.0,04/12/2012
30.0,262,4,5,20,27,30,32,14.0,17500000.0,01/12/2012
30.0,261,16,25,29,34,36,38,31.0,16500000.0,27/11/2012
30.0,260,5,6,19,21,25,33,10.0,16000000.0,24/11/2012
30.0,259,2,7,12,20,34,35,11.0,15000000.0,20/11/2012
30.0,258,9,11,16,17,26,28,38.0,14000000.0,17/11/2012
30.0,257,3,8,13,16,19,25,31.0,13000000.0,13/11/2012
30.0,256,3,5,7,13,15,37,2.0,12000000.0,10/11/2012
30.0,255,8,16,24,30,32,34,38.0,11500000.0,06/11/2012
30.0,254,2,4,12,14,19,33,6.0,11000000.0,03/11/2012
30.0,253,4,9,14,17,31,34,25.0,10500000.0,30/10/2012
30.0,252,3,19,20,25,37,39,6.0,10000000.0,27/10/2012
30.0,251,1,16,19,32,35,36,14.0,9500000.0,23/10/2012
30.0,250,4,6,16,32,36,39,14.0,9000000.0,20/10/2012
30.0,249,6,11,14,24,37,38,4.0,8500000.0,16/10/2012
30.0,248,4,5,7,14,15,26,36.0,8000000.0,13/10/2012
30.0,247,4,9,24,25,36,39,17.0,7500000.0,09/10/2012
30.0,246,10,14,15,31,33,36,29.0,7000000.0,06/10/2012
30.0,245,4,18,25,26,36,37,15.0,6500000.0,02/10/2012
30.0,244,2,13,17,18,24,38,37.0,6000000.0,29/09/2012
30.0,243,8,12,20,24,25,36,3.0,5500000.0,25/09/2012
30.0,242,3,13,17,20,22,34,25.0,5000000.0,22/09/2012
30.0,241,2,17,23,30,33,38,18.0,21000000.0,18/09/2012
30.0,240,10,18,21,27,35,39,8.0,20000000.0,15/09/2012
30.0,239,2,3,18,30,31,39,32.0,19000000.0,11/09/2012
30.0,238,6,9,12,19,20,32,11.0,18000000.0,08/09/2012
30.0,237,5,6,10,16,29,38,30.0,17000000.0,04/09/2012
30.0,236,9,16,20,22,24,27,28.0,16000000.0,01/09/2012
30.0,235,6,16,18,19,30,37,38.0,15000000.0,28/08/2012
30.0,234,2,3,4,25,34,39,8.0,14000000.0,25/08/2012
30.0,233,17,24,27,32,36,38,15.0,13000000.0,21/08/2012
30.0,232,7,8,13,16,29,35,9.0,12500000.0,18/08/2012
30.0,231,1,4,11,20,26,37,38.0,11500000.0,14/08/2012
30.0,230,4,15,18,23,29,34,25.0,11000000.0,11/08/2012
30.0,229,13,15,16,17,24,33,31.0,10500000.0,07/08/2012
30.0,228,1,6,14,15,33,36,22.0,10000000.0,04/08/2012
30.0,227,16,21,25,29,34,36,10.0,9500000.0,31/07/2012
30.0,226,7,10,13,25,30,38,22.0,9000000.0,28/07/2012
30.0,225,1,2,7,20,21,33,6.0,8500000.0,24/07/2012
30.0,224,4,9,12,17,18,37,20.0,8000000.0,21/07/2012
30.0,223,1,8,10,12,20,37,39.0,7500000.0,17/07/2012
30.0,222,8,16,17,18,25,38,4.0,7000000.0,14/07/2012
30.0,221,7,8,13,27,33,35,4.0,6500000.0,10/07/2012
30.0,220,3,9,26,29,38,39,14.0,6000000.0,07/07/2012
30.0,219,4,15,19,27,28,36,7.0,5500000.0,03/07/2012
30.0,218,3,7,11,14,21,24,2.0,5000000.0,30/06/2012
30.0,217,6,13,20,29,35,37,5.0,5000000.0,26/06/2012
30.0,216,3,4,18,21,29,35,37.0,9500000.0,23/06/2012
30.0,215,6,9,17,20,37,39,1.0,9000000.0,19/06/2012
30.0,214,3,6,9,24,38,39,36.0,8500000.0,16/06/2012
30.0,213,13,17,18,21,26,34,27.0,8000000.0,12/06/2012
30.0,212,6,7,14,16,21,35,36.0,7500000.0,09/06/2012
30.0,211,7,12,18,27,28,29,4.0,7000000.0,05/06/2012
30.0,210,8,15,18,19,20,30,2.0,6500000.0,02/06/2012
30.0,209,3,11,16,20,29,36,8.0,6000000.0,29/05/2012
30.0,208,12,21,28,31,33,35,39.0,5500000.0,26/05/2012
30.0,207,7,20,22,23,24,38,29.0,5000000.0,22/05/2012
30.0,206,23,29,30,32,34,37,22.0,5000000.0,19/05/2012
30.0,205,8,9,15,16,22,29,3.0,8500000.0,15/05/2012
30.0,204,2,6,7,12,30,37,4.0,8000000.0,12/05/2012
30.0,203,6,8,9,15,34,35,25.0,7500000.0,08/05/2012
30.0,202,5,7,19,23,32,35,1.0,7000000.0,05/05/2012
30.0,201,7,15,16,17,20,32,26.0,6500000.0,01/05/2012
30.0,200,9,20,22,27,37,38,30.0,6000000.0,28/04/2012
30.0,199,3,14,23,24,25,26,35.0,5500000.0,24/04/2012
30.0,198,5,6,9,10,15,35,32.0,5000000.0,21/04/2012
30.0,197,3,18,28,30,32,36,33.0,31000000.0,17/04/2012
30.0,196,7,8,11,15,19,30,33.0,30000000.0,14/04/2012
30.0,195,15,19,23,24,29,33,3.0,29000000.0,10/04/2012
30.0,194,5,8,11,13,18,25,4.0,28000000.0,07/04/2012
30.0,193,11,16,18,30,32,33,14.0,26500000.0,03/04/2012
30.0,192,2,10,24,27,28,36,39.0,25500000.0,31/03/2012
30.0,191,1,16,23,26,28,34,12.0,24500000.0,27/03/2012
30.0,190,5,12,28,29,34,36,39.0,23500000.0,24/03/2012
30.0,189,5,6,10,15,29,35,9.0,22500000.0,20/03/2012
30.0,188,10,12,14,31,34,35,11.0,21500000.0,17/03/2012
30.0,187,3,7,21,27,29,37,15.0,20500000.0,13/03/2012
30.0,186,1,7,22,29,30,38,8.0,19500000.0,10/03/2012
30.0,185,8,10,12,17,19,33,16.0,18500000.0,06/03/2012
30.0,184,3,9,10,15,22,29,31.0,17500000.0,03/03/2012
30.0,183,2,10,13,18,24,34,19.0,16500000.0,28/02/2012
30.0,182,9,14,16,20,27,33,38.0,15500000.0,25/02/2012
30.0,181,4,7,9,12,21,37,39.0,14500000.0,21/02/2012
30.0,180,1,4,10,26,27,34,15.0,13500000.0,18/02/2012
30.0,179,4,16,23,24,28,37,1.0,12500000.0,14/02/2012
30.0,178,6,13,15,36,37,39,26.0,11500000.0,11/02/2012
30.0,177,2,14,16,19,32,38,1.0,10500000.0,07/02/2012
30.0,176,3,5,19,24,31,33,39.0,10000000.0,04/02/2012
30.0,175,1,17,19,29,31,35,4.0,9500000.0,31/01/2012
30.0,174,1,11,14,21,24,27,17.0,9000000.0,28/01/2012
30.0,173,2,9,12,16,17,26,36.0,8500000.0,24/01/2012
30.0,172,1,2,5,17,20,25,22.0,8000000.0,21/01/2012
30.0,171,3,8,19,21,28,31,25.0,7500000.0,17/01/2012
30.0,170,4,6,21,22,25,35,27.0,7000000.0,14/01/2012
30.0,169,2,3,4,24,26,32,7.0,6500000.0,10/01/2012
30.0,168,2,9,16,24,37,39,11.0,6000000.0,07/01/2012
30.0,167,3,16,22,23,31,33,28.0,5500000.0,03/01/2012
30.0,166,3,4,15,25,29,38,19.0,5000000.0,31/12/2011
30.0,165,4,18,19,21,34,38,27.0,8500000.0,27/12/2011
30.0,164,1,2,20,24,32,33,28.0,8000000.0,24/12/2011
30.0,163,6,11,13,21,25,36,19.0,7500000.0,20/12/2011
30.0,162,11,15,19,21,24,28,34.0,7000000.0,17/12/2011
30.0,161,3,17,20,24,33,36,6.0,6500000.0,13/12/2011
30.0,160,3,20,24,33,35,36,10.0,6000000.0,10/12/2011
30.0,159,1,6,12,26,30,37,19.0,5500000.0,06/12/2011
30.0,158,1,10,13,17,18,19,35.0,5000000.0,03/12/2011
30.0,157,17,21,26,28,36,37,31.0,11000000.0,29/11/2011
30.0,156,5,6,23,25,26,27,35.0,10000000.0,26/11/2011
30.0,155,4,16,25,33,37,39,30.0,9500000.0,22/11/2011
30.0,154,1,4,5,18,35,38,36.0,9000000.0,19/11/2011
30.0,153,9,18,19,32,34,39,13.0,8500000.0,15/11/2011
30.0,152,10,12,15,24,26,39,34.0,8000000.0,12/11/2011
30.0,151,5,7,11,17,23,32,36.0,7500000.0,08/11/2011
30.0,150,4,19,22,27,30,33,28.0,7000000.0,05/11/2011
30.0,149,2,7,9,30,32,33,13.0,6500000.0,01/11/2011
30.0,148,8,13,16,24,27,33,9.0,6000000.0,29/10/2011
30.0,147,8,12,15,21,36,38,35.0,5500000.0,25/10/2011
30.0,146,5,10,15,16,27,33,3.0,5000000.0,22/10/2011
30.0,145,2,14,15,17,22,28,21.0,11000000.0,18/10/2011
30.0,144,4,12,17,21,30,38,25.0,10000000.0,15/10/2011
30.0,143,6,8,10,22,26,28,30.0,9500000.0,11/10/2011
30.0,142,3,4,7,18,31,35,22.0,9000000.0,08/10/2011
30.0,141,16,17,23,26,31,37,12.0,8500000.0,04/10/2011
30.0,140,16,19,21,27,36,38,14.0,8000000.0,01/10/2011
30.0,139,2,7,9,11,38,39,27.0,7500000.0,27/09/2011
30.0,138,1,6,9,26,28,34,17.0,7000000.0,24/09/2011
30.0,137,2,9,17,20,23,34,39.0,6500000.0,20/09/2011
30.0,136,1,7,18,22,26,35,34.0,6000000.0,17/09/2011
30.0,135,1,6,23,24,28,29,12.0,5500000.0,13/09/2011
30.0,134,8,16,17,18,31,35,32.0,5000000.0,10/09/2011
30.0,133,8,15,26,28,37,39,4.0,33000000.0,06/09/2011
30.0,132,1,13,22,23,28,35,18.0,32000000.0,03/09/2011
30.0,131,2,11,13,17,24,37,18.0,30000000.0,30/08/2011
30.0,130,1,8,18,22,36,37,34.0,29000000.0,27/08/2011
30.0,129,2,14,18,23,32,38,5.0,28000000.0,23/08/2011
30.0,128,7,11,12,16,38,39,19.0,27000000.0,20/08/2011
30.0,127,9,12,15,16,20,21,13.0,26000000.0,16/08/2011
30.0,126,1,15,24,28,31,37,29.0,25000000.0,13/08/2011
30.0,125,14,15,27,32,33,35,3.0,23000000.0,09/08/2011
30.0,124,1,5,15,16,17,30,3.0,22000000.0,06/08/2011
30.0,123,2,11,12,29,30,34,18.0,21000000.0,02/08/2011
30.0,122,2,9,11,25,30,33,6.0,20000000.0,30/07/2011
30.0,121,9,14,18,24,28,33,22.0,19000000.0,26/07/2011
30.0,120,16,25,30,32,38,39,33.0,18000000.0,23/07/2011
30.0,119,4,12,20,22,25,26,24.0,17000000.0,19/07/2011
30.0,118,3,14,17,23,31,33,15.0,16000000.0,16/07/2011
30.0,117,5,12,15,20,23,32,24.0,15000000.0,12/07/2011
30.0,116,3,8,10,11,19,28,31.0,14000000.0,09/07/2011
30.0,115,11,15,18,21,25,34,1.0,13000000.0,05/07/2011
30.0,114,6,16,20,30,31,33,2.0,12000000.0,02/07/2011
30.0,113,2,6,8,10,24,38,16.0,11000000.0,28/06/2011
30.0,112,6,7,8,17,32,36,4.0,10000000.0,25/06/2011
30.0,111,2,15,27,28,31,37,18.0,9500000.0,21/06/2011
30.0,110,9,15,23,28,32,36,19.0,9000000.0,18/06/2011
30.0,109,2,7,8,11,33,36,18.0,8500000.0,14/06/2011
30.0,108,9,10,11,25,32,38,30.0,8000000.0,11/06/2011
30.0,107,12,14,16,17,28,30,24.0,7500000.0,07/06/2011
30.0,106,2,5,7,17,23,29,22.0,7000000.0,04/06/2011
30.0,105,14,16,20,24,37,38,35.0,6500000.0,31/05/2011
30.0,104,9,16,19,25,32,38,8.0,6000000.0,28/05/2011
30.0,103,2,3,5,7,8,19,39.0,5500000.0,24/05/2011
30.0,102,1,7,11,13,22,35,32.0,5000000.0,21/05/2011
30.0,101,3,4,6,17,27,34,7.0,9000000.0,17/05/2011
30.0,100,10,15,25,28,30,39,33.0,8500000.0,14/05/2011
30.0,99,3,6,17,29,30,31,28.0,8000000.0,10/05/2011
30.0,98,5,7,10,15,30,38,34.0,7500000.0,07/05/2011
30.0,97,5,6,15,20,28,31,24.0,7000000.0,03/05/2011
30.0,96,6,11,15,21,37,38,26.0,6500000.0,30/04/2011
30.0,95,4,12,19,25,31,38,24.0,6000000.0,26/04/2011
30.0,94,13,14,21,28,30,38,32.0,5500000.0,23/04/2011
30.0,93,15,16,23,26,29,34,13.0,5000000.0,19/04/2011
30.0,92,3,6,9,23,26,33,19.0,16500000.0,16/04/2011
30.0,91,15,16,21,26,37,39,9.0,15500000.0,12/04/2011
30.0,90,3,13,16,18,29,35,38.0,14500000.0,09/04/2011
30.0,89,4,5,6,18,31,33,36.0,13500000.0,05/04/2011
30.0,88,4,6,31,32,33,34,1.0,12500000.0,02/04/2011
30.0,87,3,9,19,28,31,35,8.0,11000000.0,29/03/2011
30.0,86,18,20,33,35,36,39,31.0,10000000.0,26/03/2011
30.0,85,5,11,13,15,27,37,21.0,9500000.0,22/03/2011
30.0,84,5,20,25,28,35,36,21.0,9000000.0,19/03/2011
30.0,83,1,5,10,13,26,28,33.0,8500000.0,15/03/2011
30.0,82,8,9,20,25,33,35,31.0,8000000.0,12/03/2011
30.0,81,4,7,15,17,23,26,24.0,7500000.0,08/03/2011
30.0,80,10,15,25,28,30,36,34.0,7000000.0,05/03/2011
30.0,79,10,12,16,30,33,34,11.0,6500000.0,01/03/2011
30.0,78,2,6,18,23,27,37,24.0,6000000.0,26/02/2011
30.0,77,15,16,22,27,28,37,12.0,5500000.0,22/02/2011
30.0,76,2,7,19,23,26,37,4.0,5000000.0,19/02/2011
30.0,75,4,10,13,15,20,21,25.0,10000000.0,15/02/2011
30.0,74,8,17,19,37,38,39,1.0,9000000.0,12/02/2011
30.0,73,12,13,25,28,32,33,38.0,8500000.0,08/02/2011
30.0,72,2,3,21,22,32,36,4.0,8000000.0,05/02/2011
30.0,71,10,15,18,28,30,36,27.0,7500000.0,01/02/2011
30.0,70,6,15,25,26,34,38,14.0,7000000.0,29/01/2011
30.0,69,12,17,20,24,29,33,1.0,6500000.0,25/01/2011
30.0,68,12,15,20,25,26,36,29.0,6000000.0,22/01/2011
30.0,67,1,14,16,22,23,25,7.0,5500000.0,18/01/2011
30.0,66,6,11,18,26,32,38,1.0,5000000.0,15/01/2011
30.0,65,3,6,10,15,37,38,19.0,21500000.0,11/01/2011
30.0,64,6,17,21,26,29,34,39.0,20000000.0,08/01/2011
30.0,63,5,9,10,19,21,33,36.0,19000000.0,04/01/2011
30.0,62,7,19,21,22,27,37,32.0,18000000.0,01/01/2011
30.0,61,2,8,19,22,26,38,36.0,16500000.0,28/12/2010
30.0,60,5,7,13,27,29,33,20.0,16000000.0,25/12/2010
30.0,59,2,10,17,23,28,37,3.0,15000000.0,21/12/2010
30.0,58,7,11,21,22,25,31,6.0,13500000.0,18/12/2010
30.0,57,5,19,30,32,35,37,8.0,12500000.0,14/12/2010
30.0,56,6,10,12,16,25,32,5.0,11000000.0,11/12/2010
30.0,55,1,4,6,10,11,18,35.0,10000000.0,07/12/2010
30.0,54,9,11,19,21,27,29,1.0,9000000.0,04/12/2010
30.0,53,13,20,25,28,30,35,15.0,8500000.0,30/11/2010
30.0,52,1,3,5,7,18,37,35.0,8000000.0,27/11/2010
30.0,51,3,7,13,16,21,39,22.0,7500000.0,23/11/2010
30.0,50,5,13,15,22,23,35,34.0,7000000.0,20/11/2010
30.0,49,2,17,35,36,37,38,10.0,6500000.0,16/11/2010
30.0,48,15,20,22,26,29,34,6.0,6000000.0,13/11/2010
30.0,47,4,8,14,17,30,39,18.0,5500000.0,09/11/2010
30.0,46,19,22,23,31,34,38,35.0,5000000.0,06/11/2010
30.0,45,13,16,23,24,29,39,28.0,7000000.0,02/11/2010
30.0,44,16,21,22,29,32,37,23.0,6500000.0,30/10/2010
30.0,43,6,16,19,25,30,38,22.0,6000000.0,26/10/2010
30.0,42,1,19,28,29,31,37,26.0,5500000.0,23/10/2010
30.0,41,7,10,13,15,17,21,11.0,5000000.0,19/10/2010
30.0,40,5,17,20,26,31,37,23.0,13500000.0,16/10/2010
30.0,39,8,15,18,24,26,33,29.0,12500000.0,12/10/2010
30.0,38,3,11,15,18,20,26,7.0,11500000.0,09/10/2010
30.0,37,3,4,13,24,28,32,7.0,10500000.0,05/10/2010
30.0,36,8,15,22,32,33,37,19.0,9500000.0,02/10/2010
30.0,35,9,17,18,28,37,39,2.0,8500000.0,28/09/2010
30.0,34,2,8,9,25,29,36,3.0,8000000.0,25/09/2010
30.0,33,6,9,12,16,35,36,38.0,7500000.0,21/09/2010
30.0,32,15,20,28,29,37,38,1.0,7000000.0,18/09/2010
30.0,31,11,16,19,20,23,34,2.0,6500000.0,14/09/2010
30.0,30,4,11,14,15,23,35,6.0,6000000.0,11/09/2010
30.0,29,2,4,6,13,17,20,15.0,5500000.0,07/09/2010
30.0,28,1,4,15,27,33,37,3.0,5000000.0,04/09/2010
30.0,27,4,5,9,24,29,37,17.0,24000000.0,31/08/2010
30.0,26,1,12,19,21,30,34,20.0,23000000.0,28/08/2010
30.0,25,11,17,24,26,28,33,38.0,21500000.0,24/08/2010
30.0,24,8,12,20,31,34,37,9.0,20000000.0,21/08/2010
30.0,23,3,17,18,20,24,38,22.0,19000000.0,17/08/2010
30.0,22,1,2,23,28,29,33,4.0,17500000.0,14/08/2010
30.0,21,1,8,20,23,28,35,16.0,16500000.0,10/08/2010
30.0,20,1,7,17,29,31,32,19.0,15000000.0,07/08/2010
30.0,19,11,15,35,37,38,39,24.0,13500000.0,03/08/2010
30.0,18,14,17,20,24,32,37,35.0,12000000.0,31/07/2010
30.0,17,12,18,21,22,32,37,19.0,11000000.0,27/07/2010
30.0,16,2,5,8,26,32,34,31.0,10000000.0,24/07/2010
30.0,15,2,10,23,32,33,39,7.0,9000000.0,20/07/2010
30.0,14,9,22,26,27,28,37,35.0,8500000.0,17/07/2010
30.0,13,1,2,4,12,17,33,8.0,8000000.0,13/07/2010
30.0,12,6,20,30,33,34,36,35.0,7000000.0,10/07/2010
30.0,11,2,6,12,25,28,31,18.0,6500000.0,06/07/2010
30.0,10,8,13,18,19,21,34,14.0,6000000.0,03/07/2010
30.0,9,9,11,15,20,31,36,23.0,5500000.0,29/06/2010
30.0,8,1,2,5,6,10,11,15.0,5000000.0,26/06/2010
30.0,7,5,16,26,31,34,35,2.0,6500000.0,22/06/2010
30.0,6,2,9,11,22,26,27,20.0,6000000.0,19/06/2010
30.0,5,1,3,7,21,24,32,13.0,5500000.0,15/06/2010
30.0,4,3,4,18,21,22,26,13.0,5000000.0,12/06/2010
30.0,3,15,16,23,27,35,37,26.0,6500000.0,08/06/2010
30.0,2,5,6,8,19,21,33,13.0,6000000.0,05/06/2010
30.0,1,6,13,14,21,25,35,37.0,5500000.0,01/06/2010
,1540,6,11,20,30,34,35,,,21/06/2025
